date,q1,q2,q3,q4,q5,q6,q7,q8,q9,q10
2000-01-31,-0.015815995334969107,0.06328564217014704,0.21994331220440494,0.11874281701738554,-0.05415552670892815,0.1290917642470808,-0.006209057352533548,0.009828174919865568,-0.08619755592449418,0.051829932480585345
2000-02-29,-0.11107923160366603,-0.12211910592505729,0.05493508847452233,-0.054032895876836406,-0.14928524307385913,-0.07586478388371798,-0.11218691779780249,-0.015765125881500613,0.00893323541875024,0.07781430030203829
2000-03-31,0.13332683463046405,0.08686486333634619,0.24461530836191936,0.28001132752675795,0.18044707079696776,0.3010173160173159,0.335905137822182,0.10339703395672384,0.23865675598515387,0.121121865756502
2000-04-28,-0.1565335528728724,-0.17229928781747725,0.11332169964760108,-0.11817501612898525,-0.14300070799244827,-0.12906993788487675,-0.1326525165345418,-0.050416880445928236,-0.10598644880436528,-0.15116965355831746
2000-05-31,-0.11162119642977708,-0.052042962113808655,-0.12238990947488868,-0.08630487627011532,-0.07772334093662683,-0.16138617353570625,-0.1488898912521285,-0.11150766895381187,-0.12259030188964162,-0.13802834659362623
2000-06-30,0.03131351812850867,0.06807540747673274,0.10438555586203238,-0.06776573269981681,-0.025200324796984218,-0.03583864963467118,-0.12242249468957545,-0.0011469859243647296,0.0005727619117244787,0.19503563926459266
2000-07-31,0.01882271872710186,-0.10542843024026974,-0.0998752311722905,-0.08755847836753322,-0.08384673697639611,-0.11936893857997424,-0.09963480294805607,-0.010408615774469587,0.04203125230555815,0.23267655883701766
2000-08-31,-0.10636977610508047,-0.24028306626415177,-0.15367086192927437,-0.14591768462959262,0.0902537520004832,-0.11892170173405972,-0.22492060264382382,-0.13718102615028135,-0.10279005308417075,-0.08155057614414633
2000-09-29,-0.009451795841209809,0.0,0.017045454545454586,5.994485073745892e-05,0.08139534883720945,,0.0,0.0,-0.04950495049504955,0.0
2000-09-30,0.24494310097043326,0.08047101449275315,0.18345814930977808,0.28500140671540564,0.3162139475805618,0.3097626053088355,0.38077459334923835,0.21923285443209528,0.3085223869421984,0.26392496392496384
2000-10-31,-0.525511754593891,-0.5438080307689964,-0.39286163898229726,-0.40668394128062224,-0.38545392528198136,-0.43936658894492725,-0.41902881984523965,-0.4757531671402573,-0.4782543995859214,-0.3848053389655022
2000-11-30,0.08830128228459125,0.060287171406135986,0.1577806212481238,0.14840033094817948,-0.009826637671287575,0.18459192495559296,0.06943583974609818,0.13216926638946985,-0.09254877495462796,0.2824968239840836
2000-12-22,0.0,0.0,,0.0,,0.0,,0.0,,0.0
2000-12-31,0.020127367740989194,0.2507828136910456,0.0860318875024757,-0.09789507183124213,0.0696517412935324,0.13655085995792907,0.03068100358422939,0.11079978533529736,0.06111111111111097,0.012090152841185975
2001-01-31,-0.21463829095315665,-0.32733400284588543,-0.11908436898099453,-0.2927006596369588,-0.031088069837101016,-0.1328222405084035,-0.284118815183119,-0.15433746740319637,-0.07197764255830597,-0.10042005602589192
2001-02-28,-0.07879937293015941,0.30195008126306006,-0.09858912524408574,0.0333950739878012,-0.11107097143493175,-0.12267860087393842,0.020144563586720537,-0.05687519907628615,-0.12745361016799578,0.06285526439372584
2001-03-30,0.04357958517827987,-0.06976744186046502,0.0,,0.09259259259259256,-0.03389830508474567,,0.0,-0.03468208092485536,-0.03708791208791207
2001-03-31,0.5047168173577374,0.3105351127703031,0.5379004173694829,0.6845919145690311,0.7827217294084761,0.367936507936508,0.692100114117498,0.7750116550116557,0.5094900824614343,0.5335856022957932
2001-04-30,-0.11278266453775065,-0.14919142574976216,-0.03541994344907784,-0.09592938074054613,-0.1090977073052232,-0.026552795031056092,-0.05065015732320341,-0.015724539889299893,-0.05992891993511318,-0.08749190019985079
2001-05-31,-0.021050004921486055,0.07819027891235841,0.0499659872576063,-0.0754348215886679,-0.001300581771170095,-0.06543577618052368,0.09506951381951392,-0.021972407327433285,-0.04397233201581041,0.07905282331511834
2001-06-29,0.0,0.015873015873015817,0.015180265654648917,0.010714285714285454,0.01760563380281699,,0.039787798408488007,0.03101920236336775,0.01388888888888884,0.03925845147219187
2001-06-30,-0.16126682498766354,-0.09534920302013425,-0.028327865255103484,-0.055770706029560885,-0.1318207913115628,-0.14978562306148513,-0.09510342598577899,-0.1658500290360046,0.09507936507936487,0.04587363898425298
2001-07-31,-0.11726955409904341,-0.07423742808157946,0.004420113544200843,-0.03298962607162062,-0.0842396160180326,0.021428607881399386,0.005408307248947974,-0.08348387264691126,0.02876736822257303,0.11102155692635403
2001-08-31,-0.2772117352558963,-0.22324544038852373,-0.2972099840421841,-0.25721781053109416,-0.18035479004052687,-0.2478751768226867,-0.18280525351990692,-0.2540320979833176,-0.31608499777540267,-0.09280467552376089
2001-09-28,0.030927835051546504,0.04237288135593231,0.0390625,,0.017699115044247815,0.032863849765258246,,-0.023809523809523836,0.02087682672233826,0.0
2001-09-30,0.44056261343012665,0.29446560524804966,0.33409796638531913,0.2252047206165702,0.37096276672428086,0.33964848865838954,0.11442224962080555,0.242063492063492,0.4011675832007708,0.38712614123900724
2001-10-31,0.43292664182899704,0.3620122844397097,0.20754318326505244,0.23433096308674148,0.32579413452039707,0.1344743104186835,0.09909141310743169,0.18586565770158647,0.06745464852607708,0.060602237777666115
2001-11-30,0.22988912786033425,0.1820527140656465,0.10239773041582823,0.2297265309587493,0.15196136481559314,0.20281251053552535,0.1888480060875734,0.19629228043862162,0.0722464228934816,0.11292712162068122
2001-12-28,0.0,0.0,,0.0,,0.0,,0.0,,0.0
2001-12-31,0.10230800236160381,0.05506176829706211,-0.005698005698005863,-0.03664547046632036,-0.018509864038463025,0.0035842293906810005,-0.007141428632948726,-0.09127844580239626,0.08745997536945807,0.012910450129949569
2002-01-31,-0.19348692413331206,-0.05557761486687198,-0.13493505399831263,-0.13232919392307713,-0.07566206016750468,-0.05923135346581836,-0.18135829330329895,-0.11764541936556558,-0.12491067293058952,-0.13715857277723406
2002-02-28,-0.04302252880811883,0.034543453644313285,0.05177903691334679,-0.03533886786795677,0.055398335969802565,-0.011283101423439957,0.005636070853461905,-0.008459584224060391,-0.13142535537901848,-0.028397781824100975
2002-03-29,-0.014851485148514865,0.0,-0.013496932515337345,,0.0,0.01158301158301156,,0.0,-0.015901060070671158,0.01098901098901095
2002-03-31,0.008904147825601477,-0.06112848184305264,-0.049223943308666585,-0.009677253981838533,0.0018458289323192156,-0.0027054136764800008,-0.05522837034263498,0.042395382395382264,0.05608360836083601,0.03575391871272002
2002-04-30,-0.09892623358376798,-0.06272082751868743,-0.13060019679573903,-0.061043997825518545,-0.04133729265841139,-0.11157081501021701,-0.09356555756828355,-0.1874970560527556,-0.10770196811777544,-0.04220213625497717
2002-05-31,-0.11305530678614273,-0.09889938445515134,0.030661199358853558,-0.09808458400256319,-0.011064811894489069,0.012099262260157145,0.04524970809483042,0.032113247496692504,-0.03928571428571433,0.04032467930315535
2002-06-28,0.0,0.047368421052631726,0.04991680532445919,-0.04242700729927007,0.06467661691542315,0.026785714285714413,-0.012433392539964339,0.03743315508021383,0.09090909090909083,-0.024390243902439046
2002-06-30,0.1607476740173469,-0.014788293897882915,0.272778808493094,0.03296986459460535,0.1538110924648309,0.13064632958019717,0.28166769938921826,0.34301450465243544,0.40711401056228635,0.06423769247451763
2002-07-31,-0.09656774207817065,-0.12257331112328973,-0.06516377578093066,-0.02997663034540793,0.02393868987487502,-0.05264102857566653,-0.10177174329131125,-0.03679232695934846,0.06108803558540623,-0.011036384865410542
2002-08-29,0.0,0.0,0.0,0.0,0.0,0.0,0.0,0.0,0.0,0.0
2002-08-30,-0.026367431018593773,-0.03213296587854897,-0.023076923076923106,-0.005050505050505046,-0.015180265654648972,-0.014044943820224753,0.007972104289497869,0.025423728813559365,-0.00833333333333336,0.00806660173767589
2002-09-30,0.10777885857469709,0.10963504303839411,0.21975810002388046,0.0685002447307054,0.11346921244257042,0.07912663432621662,0.16799037319860238,0.12534752556066575,0.04096999948730613,-0.011120074695898397
2002-10-31,0.40254099502681306,0.3009297698534528,0.30078946264520434,0.2579956185946676,0.3689202811876863,0.24843236104037364,0.38461220630490545,0.17325205462895812,0.2470929849961514,0.2265176653834225
2002-11-29,0.0026300670044657306,0.015412683354010115,0.02817875312929019,0.00425616624587295,0.01928706896118154,0.011015038833277457,0.020105796878772564,-0.013417928407200175,0.006138392857142849,0.008794326241134787
2002-12-31,0.1098701656552922,0.01064567949299582,0.2981959730031643,0.1402117917836533,0.05420745737762702,0.05301486473814315,0.046126448261244415,0.0723823358695436,0.0816278225878782,0.059746383393226396
2003-01-31,-0.1032987909590034,-0.09223321315052276,-0.13509135493566218,-0.10014804421542016,-0.07845495090375776,-0.03285672169811321,-0.13215933296876742,0.056482159622702255,-0.0797213314556013,-0.05301952154211054
2003-02-28,-0.03415826171719587,0.012305969993076805,0.03454427389087249,-0.0383650684595378,0.020337195398374353,0.003208376220868181,0.014032165968785648,0.021212663150244903,-0.10302129650098002,0.024996361302136873
2003-03-31,0.18935723827325596,0.282415501405248,0.11297026181722383,0.13437767106224824,0.16584813139343751,0.23881568598229852,0.1656966830652431,0.14261594202898562,0.17302801165005902,0.2944091847186324
2003-04-30,-0.05237998933304331,-0.030094202744834497,0.023235378127419715,0.017087655467647588,0.003113097990424518,-0.041983179740602006,-0.028251736601471823,-0.046218528182823085,-0.005690414997426152,-0.06483246033819093
2003-05-30,0.002875798879947289,0.012627118182937247,0.017978392244584817,0.007519124174456604,0.012310538056817633,0.01952106381186982,0.0012220007593014282,0.005436507936507939,0.012932650667785994,0.011068666020121132
2003-06-30,-0.0656361646020929,-0.08055953090596364,0.0281986627715163,-0.018120824529739378,0.007645356679470194,-0.027103559870550298,-0.04916790449206974,-0.07357956950165194,-0.006284484746023211,-0.027221930557986142
2003-07-31,0.07907466693511918,0.03551374619313301,0.11063701735170248,0.034944782331669796,0.07733745741082387,0.12135474028259835,-0.0007284784970702951,0.2401342079051238,0.14040726817042587,0.05654143806554786
2003-08-29,-0.005297617382994835,-0.0029459904865763555,-0.004109627745991373,-0.002599929665785372,0.0013510755251509242,0.006533609778030081,0.0078125,0.003999999999999959,0.0012743628185906796,0.00516658895514821
2003-09-30,0.13347162822087752,0.1154328682556069,0.1399561919667056,0.10969269950479217,0.14768129970340835,0.05704030512498259,0.25061831859794975,0.1207188912334374,0.19643689753318835,0.13084647977538463
2003-10-31,-0.08480037504832712,-0.06673749485605326,-0.05982187552483113,-0.07064841434851446,-0.10616392735747653,-0.06404622295056964,-0.09020734907851899,-0.11443552330764539,-0.13437273126383137,0.0714971238971677
2003-11-20,0.0,0.0,0.0,0.0,0.0,0.0,0.0,0.0,0.0,0.0
2003-11-28,0.03731127082288702,0.08059642793149369,0.08189551158301156,0.06756460218609983,0.040493687243112454,0.08974358974358976,0.044334741979411486,0.054458408138838954,0.08347586896724184,0.06840634869220175
2003-12-31,-0.03187767298025994,-0.02569205988775658,-0.007989110922718257,0.015821570921856126,-0.05470591197246499,-0.06503722248365498,-0.10360785655248156,-0.08516121309629601,-0.05727922156333789,0.05540264362531511
2004-01-30,0.1941887511623247,-0.013162599072545555,0.10912959603994499,0.16529348505550168,0.016783089304312694,-0.013539951698694486,0.1666416165153454,0.04059404518516239,0.05567548525109678,0.03644604197559753
2004-02-27,-0.009543209614386327,-0.01194333255910116,-0.007022383274181055,-0.007247193587591849,-0.0074276145255558704,0.002484475717998058,0.00954005671747607,-0.004612102655720163,-0.009667533225592417,0.015678203477445418
2004-03-31,-0.0038684468652565585,-0.1727502509175807,-0.0809941069165558,-0.13254023015164357,-0.07485982953160528,-0.11321549843797259,-0.09450449739879259,-0.04781729821101566,-0.13023081990473298,-0.07265716501965366
2004-04-30,-0.024614051561591188,-0.008349644807742761,-0.020074338434381667,-0.050496198929238956,-0.020212938721367046,-0.023714741282440645,-0.08023734481261813,-0.07112954123500566,-0.008844752039108172,-0.09487966781556109
2004-05-31,0.02469451600303657,0.02930313681270751,0.02905168421115407,0.11131390673767742,0.03635762861425389,0.009760427435185303,0.05680341698366733,-0.06470539228294477,0.09718507031939869,0.04300849184957902
2004-06-30,0.04409661616566688,0.03817874020771186,0.06990641858244966,0.1033020253211537,0.0647940884387451,0.105236275382727,0.07574379790879418,0.0953732802570012,0.17368950880239012,0.05019790938559863
2004-07-30,-0.0016845695985017728,0.04813217524081066,0.09074082497858105,0.04602877836103163,0.005338973393630142,0.09254032965084527,0.0699759766548345,0.06789672093467702,0.06848519642786384,0.09631401984938952
2004-08-31,0.08035053066400205,0.05410362768624992,0.031326591119400546,0.08761800031953886,0.07171111629719222,0.09127510228011708,0.07370810767637984,0.0688444460367283,0.14718516811656546,0.029393074042115684
2004-09-30,0.005069145308097693,0.05852724294224143,0.013841975046463206,-0.05078578390290369,0.11412393605474672,0.09399714176886478,0.007529002335397483,0.04823004547113199,0.0591975188990113,0.15163228785898436
2004-10-28,0.006535947712418277,-0.017647058823529405,4.117259552050001e-05,-0.004424778761061843,-0.014798850574712585,0.000915814525743186,-0.02306396244036657,0.17508771929824563,0.006785592352338665,-0.011111111111111127
2004-10-29,7.70823254986619e-05,-0.00847710330138455,-0.03974167051427905,0.08328620489811052,-0.1272494147452418,0.029148629148629108,0.0060362173038229034,-0.026960010792482263,0.028277017477366034,0.12432066591287239
2004-11-30,0.06271368571831276,0.026326806837879933,0.10837679455758113,0.09603507011184484,0.014464332735922958,0.09101280697484962,0.057290142807384245,0.07225400867997882,0.13620032553259231,-0.05135249052361546
2004-12-29,0.01948051948051943,0.014084507042253502,0.0,,0.010343400910219458,-0.02127659574468077,,0.0,0.0,0.053763440860215006
2004-12-31,0.10444988061552203,0.17857693783933215,0.16219639599650398,0.08601442948495047,0.10709061777622282,0.18808539232391858,0.030082539214682458,0.07440005928224058,0.14326188477655621,0.11870459114938266
2005-01-31,0.20438675768190462,0.028300500551412932,0.004095630616218604,-0.04327100638702639,-0.06090189121068144,0.00769242510200383,0.047282468562195444,-0.03235719844783029,0.028597845428526725,0.021425202102102525
2005-02-28,-0.1478917828697481,-0.09102534926907672,-0.07847140778825998,-0.032623056082216585,-0.014150747999229153,-0.07127953883109486,-0.11804639565423117,-0.1177757715110928,0.05027587942844643,-0.024516212086974166
2005-03-31,-0.061791232067256674,-0.05706755609333802,-0.08676151818033047,-0.010063289553480969,-0.12043839359541844,-0.11112047892034412,-0.09792350216057381,-0.09238046140473302,-0.10937873196510355,-0.0974109787022129
2005-04-29,0.050266573345660016,0.035617052656306505,0.05696107984920362,0.06150111497852721,0.17278953329386929,0.02260494705090137,0.23519351971557878,0.04800980946991118,0.22152911620845944,0.06189986393641737
2005-05-31,0.06175010447334117,0.06995226830874239,0.03783283272908491,0.01636937104743381,0.20765116131433375,0.07895637350131053,0.08031998582009162,0.0648506792054619,0.08287651819634463,0.048963620879184634
2005-06-30,0.06835078386358999,0.1065558284809727,0.07178408254618787,-0.0031199513190041995,0.08926501327519878,0.17742945885804975,0.07546313338254622,0.10527788292840046,0.14761379974827107,0.1921625370785359
2005-07-29,0.18229410091122888,0.052678375909441424,0.037917797571559816,5.2674112547412834e-05,0.029911527632268942,0.04930860844467524,0.013910609417902032,-0.007613561225222121,-0.015212768097142271,0.020778948857830826
2005-08-31,0.03551015735803553,0.04694420560423922,0.011663721417733619,0.09446075699476379,0.02580567769301929,0.007054452703284997,0.1466160897481469,0.16021889094131175,0.05951150104659793,0.12077462626950176
2005-09-30,-0.04587573438244186,-0.029141736541283624,-0.05478261797088213,-0.06257077127648139,-0.007642365099960369,-0.050366672147656465,-0.026378238722360094,-0.04547141224209324,0.03551925767621526,0.016414395568098112
2005-10-31,0.16108255295340182,0.1419873439381183,0.18129105342072496,0.08769287907240737,0.11064980423024004,0.12235570871683646,0.06328064721399174,0.17908309721746662,0.1789575582029601,0.16230498618500291
2005-11-30,0.07456714757143727,0.02003136057182866,0.149360379956253,0.020628164236237766,0.1477660337096829,0.04018697053244289,0.1478033258779418,0.027135693553501383,0.15256421081156243,0.07755273283102147
2005-12-30,0.04224847833870382,,,,0.01002865329512903,,,,,-0.028000000000000025
2005-12-31,0.046292464672795644,0.048544789661495294,0.08224206754595179,0.06541341530019915,0.1582082410436932,0.18788361804407422,0.15476928224313916,0.13873325189115954,0.28630691921792184,0.12031191086955836
2006-01-31,0.09892139064398746,0.08723490228718259,0.13140008592312188,0.20216442338506618,0.09380240425824478,0.13612048992343612,0.17214892957471273,0.05567193842367546,0.013935096392686908,0.12944771697751156
2006-02-28,-0.12696679831599694,-0.09264613831309529,-0.06353927433219086,-0.05860889536075542,-0.0671353256343173,-0.005107379104987886,-0.05016079178745616,-0.0996845578798852,-0.04363531753431558,-0.03367360434740698
2006-03-31,0.17346434629377028,0.04419326619686685,-0.08334982665044466,0.019036368432990575,0.02418199818030118,-0.02869279659247772,-0.004453004357494498,0.016432420269361002,0.06684305771121149,-0.043203713635233565
2006-04-28,-0.12489060068159936,-0.16998152449021717,-0.21890987483520735,-0.08605426979737167,-0.0012117176891333291,-0.0981081482868102,-0.05043090330724407,-0.0945388406758287,-0.13432265337672145,-0.15305481610330915
2006-05-31,-0.11090678155877204,-0.0857932862101914,-0.11712397458184243,-0.11026981633112981,-0.05406279767744597,-0.01753133663485997,-0.03835353809418492,-0.04446272049743325,-0.20638032598075626,-0.10992438060651712
2006-06-30,-0.034473394218769604,0.05012850473339607,0.00199684574684571,-0.00788526141912795,0.0059745760444000155,0.062268266892303824,-0.035631649721284575,0.02468117974537871,-0.007364582304884171,0.08447793896459817
2006-07-31,0.08039242971237291,0.0441400060556185,0.09086519010278726,0.0371222479534292,0.03087788919398706,0.19203847703797514,0.005629151810355615,0.0445116422130176,0.1464230487127216,-0.014113793986979262
2006-08-31,0.014131943221363111,-0.03217153793750518,0.025478117334866955,-0.030185875489503283,0.04309041222383307,-0.022242250488313475,-0.027774493520706156,0.02233970499698983,0.12697560159178467,0.02944974095249107
2006-09-29,-0.004059539918809252,,,,,,,,,0.0059880239520957446
2006-09-30,0.06596453624193743,0.15496208286568153,0.07989774874405095,0.10078864825253513,0.11188357852333101,0.1330022226652087,0.11967402010189732,0.08494972500104314,0.0698997290653223,0.06841061546111693
2006-10-31,-0.016617081965504394,-0.04250124622337761,-0.07001647576675292,-0.030029332777013102,-0.09382043228451364,0.06515568286859603,-0.03128750351206774,-0.0557594473845338,-0.01565942575979524,-0.03676134502219016
2006-11-30,-0.010110013586460279,-0.040154391161014866,0.015199925210854203,0.007695044131336574,-0.01764695980242581,0.0025974618359568603,0.033928160089203276,0.058868951150407,-0.018903670159183393,0.010527341641283364
2006-12-29,0.0,,,,,,,,,0.0
2006-12-31,0.05314657361680832,0.0832059585446037,0.07367429765625828,0.0696105600806651,0.08547198579030227,0.08913671230286568,0.1070779036242333,0.15796139865291625,0.06270825479319095,0.0890691233319033
2007-01-31,0.014348376975446442,-0.06888953597326367,-0.06848364340318211,0.05089738600678928,0.006818431161068861,-0.08055700330215187,0.0071579190464036895,-0.09273747533353609,-0.13439095674677687,-0.01095859816824618
2007-02-28,0.07546588478612247,0.04142130510495181,0.07138509304524952,0.12801750574337784,0.07700291494067697,0.056612923876878905,0.1563987566090316,0.10923737213846064,0.11848592499270313,0.07117936134390113
2007-03-30,0.008215962441314506,,,,,,,,,-0.010101010101010055
2007-03-31,0.005616360554703918,-0.025554449143583048,-0.08564380100903828,0.004157070222168009,0.0567256221972454,0.0058990413890602335,-0.0368779737273184,-0.12965945853492453,0.013791464234868878,-0.040664856361174506
2007-04-30,0.07061225595479236,0.04094572479628308,0.0798306750751415,0.05311772329562584,0.2343703597811663,0.24726240093803317,0.212754830736134,0.15698959774036586,0.06582938993345273,0.06734695268088921
2007-05-31,-0.0015083137653063756,0.016744500805634593,0.00038311319130339693,0.018955065757399636,-0.00720312606349451,-0.002390871982210463,-0.02202103842502362,0.06571032855065836,0.007765873746644576,0.041364613500683524
2007-06-29,-0.008149010477299212,,,,,,,,,-0.004444444444444473
2007-06-30,0.19262999344723938,0.17102249851300422,0.047548700964799996,0.06557612800279566,0.028536808271063398,0.06013727339078436,0.040580888503777765,0.029102891456846875,0.04192331963337539,0.06098281542116052
2007-07-31,0.041678784500448075,-0.03787806866552764,-0.01447242276215129,-0.04742411581718571,-0.006193929680700132,-0.03614306440650117,-0.05651531721674001,-0.013364316548886443,-0.020826410288215802,-0.02648928397164559
2007-08-31,-0.03781849582391056,0.050685350478439396,0.09284431102711743,0.04606081402232189,0.06348740780404309,0.018716140891625193,-0.007686377607789186,0.003923554380119136,0.10981723186530153,0.030759420272654308
2007-09-28,0.00932642487046631,,,,,,,,,0.0
2007-09-30,-0.07007613724364757,0.046203960213953975,0.017980230661445384,-0.031206406283821875,-0.036007726010341745,0.0016701669165408533,0.00945958684281245,0.010893673113258654,-0.009104453052245942,0.0018397087298967312
2007-10-31,-0.057408496222917695,0.005247532018234358,-0.022877033344468573,-0.09654459907826965,-0.05414306283419238,-0.03780620882490856,-0.023578406493234217,-0.001418051125756381,-0.08224566387493033,-0.023366369353226408
2007-11-30,-0.025556876443932897,-0.015207242859165193,0.013043363192010235,0.053214073172416866,0.05598221957303714,0.06614660359926312,0.061498858977926486,0.025838129550384874,0.012673055167351658,0.00032981577272787427
2007-12-31,-0.23827311018075323,-0.23473833242237366,-0.17982515928143003,-0.2401278168872643,-0.08226412841276122,-0.11580150292932075,-0.23021534140930444,-0.12890964031527635,-0.06853847664676167,-0.14687170508380334
2008-01-31,-0.09115195104301277,-0.038647079618834256,0.03265602679569927,0.0235408645110319,0.03274861701304386,-0.035168647818444844,0.008170226656392643,-0.011581491476908975,0.008038635441229494,0.05052355269651698
2008-02-29,-0.054117507795657216,-0.047515233748769224,-0.08785431228718814,-0.0955030554362293,-0.1663285007356654,-0.05885969455129988,-0.09795464938735762,0.026633982285128477,0.07553650690329354,0.01244179025364267
2008-03-31,0.06432564146355198,0.11060692556966771,0.07032454766745988,0.1257891116427646,0.07050373910888873,0.06044036564540254,0.01727188432638449,0.08778667217006575,0.13187773665904487,0.07321388386364026
2008-04-30,-0.056961976561607675,-0.11680333983156653,0.02599652288603684,0.025888097675368853,0.11280714107833752,-0.061479113378758464,0.050224359667803475,-0.014813365000090192,-0.010036320223381209,-0.04384282004386666
2008-05-30,0.0037799571330925374,0.006756468836604672,0.008970391314276394,-0.014380128144269292,0.0046610582796136986,-0.006355271072936519,0.0015489309491989272,-0.006317622413479662,0.00052453743244818,0.001622369271494432
2008-05-31,0.1816488122962272,,,,,,,,,0.2583025830258301
2008-06-30,0.2902692964673178,0.35767344941650525,0.20225137035599094,0.14480914787625523,0.25197483192907927,0.2847145536181669,0.15553085240038736,0.06919243961405462,0.12106218003844056,0.18390245616577547
2008-07-31,0.014244616286230785,-0.03592637240944324,-0.01652891854341147,0.11281780852646711,-0.028291816875474978,-0.03365356926103311,-0.007894051948399558,-0.04013371596719312,-0.03410109813379808,-0.021595699246744576
2008-08-29,0.0017784932407723202,0.00109585309377284,-0.0010748643684494574,-0.01733534611484311,-0.033000430489940634,-0.01098192995684808,-0.01501132132052981,-0.017925685394944012,-0.01532339245712742,-0.011710668161771834
2008-08-31,0.054374346462181755,,,,,,,,,0.15206185567010322
2008-09-30,-0.266603690230867,-0.29323439128762424,-0.30326418335905614,-0.2296168859320146,-0.1600795586237879,-0.29066834744931114,-0.3045621323241617,-0.25608007352152223,-0.22087264699540934,-0.27068379529111036
2008-10-31,-0.05009374394139734,-0.09966215339686275,-0.1700302296547663,-0.15637763061180435,-0.09798333154381501,-0.04998830554403688,-0.12120610013947636,-0.0571289497140976,-0.042671425065372505,-0.14934725872182184
2008-11-28,-0.05060253520281399,-0.055330103859142256,-0.024682438466216518,-0.049869000727035616,-0.040589757348412504,-0.06793937130908226,-0.06965392410163213,-0.04182377053884974,-0.044430797987262405,-0.041167893729606574
2008-11-30,-0.0055865921787715545,,,,,,,,,0.034591194968552896
2008-12-31,-0.02337630131591517,0.05226387475898586,-0.1260587222111617,-0.06392931844292665,-0.06438100745435717,-0.06853800651176079,-0.03636664187122909,-0.01770406750148083,-0.02289972225133628,-0.052994458920737175
2009-01-30,0.10587806098438225,-0.012277996443620246,-0.019147181520800267,-0.0064873352886060665,0.03567129448277199,0.01452320685835693,-0.015662048538474804,0.0016604405280064571,0.05303210664218163,-0.003974616632774634
2009-02-27,-0.03737990747875045,-0.018452014211225,-0.016762499536784038,-0.01354817803136569,-0.011145414511800863,-0.015061884474997034,-0.013131463408974956,0.014832692133986835,-0.012003964134892206,0.010715593769253148
2009-02-28,0.13830508474576364,,,,,,,,,0.015723270440251236
2009-03-31,0.31873286572438303,0.29152147471436407,0.24087182338172608,0.2575352489852672,0.17051264238643069,0.19876438714076472,0.33647651403143763,0.2007187702356269,0.18235350170608122,0.21853743947793713
2009-04-30,0.1312569376607522,0.11547886642929721,0.17085457120727846,0.14434944192218593,0.25331339397782354,0.1708043434156084,0.10258776442315472,0.08575960807273891,0.11168479475565536,0.09449389242284356
2009-05-29,0.025987892695771026,0.023454040013081934,0.031151705701446673,0.03445253335790573,0.037365275154469524,0.03323710610500643,0.0342895596813485,0.035265387863945376,0.010080143120637763,0.02265348154242845
2009-05-31,,,,,,,,,,
2009-06-30,0.04753539563239904,0.13246886094701008,0.17613314234083866,0.11988764398546943,0.29719535308985495,0.1942074680687496,0.14438763234311916,0.0680873269574236,0.03686474535969847,0.12684346323435722
2009-07-31,0.07380100123638533,0.029471824129649254,0.0885746314528118,0.12618181888016547,0.15017425605209977,0.07232285805223175,0.07185938822564958,0.10429592715204855,0.11733792924235971,0.16622924824661334
2009-08-31,0.07420370229829455,0.020966034879917734,0.06645575732693053,0.06861788215025644,0.009742171511882983,0.03740369015776679,-0.013490112798905865,0.06458213536899049,0.04507730710402504,0.05129284409620347
2009-09-30,-0.055547396474892353,0.017689210586291453,-0.019356378206165092,-0.01779731666906696,-0.03187447868613522,-0.031574055869844256,-0.02482016526426356,-0.023444607553135804,-0.030102917474329804,-0.05845258165903505
2009-10-30,-0.010715643341848899,-0.0464321387231727,-0.03562980686360271,-0.03129846229686983,0.01676002597542305,-0.07084365257512926,0.014959189476629386,-0.0025854283824508126,0.05749829224538583,0.0750171303034148
2009-11-26,0.0,0.0,0.020328381548084362,0.020270270270270396,0.0275014628437682,,0.02872235061076278,-0.009242144177449174,0.008358408559010266,0.03298429319371743
2009-11-30,0.15306984408088656,0.1651588778466872,0.14001709756716246,0.23458429158438196,0.13476344461622655,0.1775745475891497,0.2187863438597082,0.10554384415574262,0.1811641092453194,0.1465218807880772
2009-12-31,0.07865785123046938,0.07644141961207303,0.08733114364300136,0.08119330549729158,0.12793783942217435,0.07414581215825707,0.09484156136664161,0.18385968658424326,0.08624906035320208,0.13400603222457358
2010-01-29,-0.01650764299989162,-0.0892560351513776,-0.08681490283975028,-0.12896852252723928,-0.11007512746299895,-0.1070536285732306,-0.12006156849333623,-0.16930833208423227,-0.1469075917572455,-0.05653888989455106
2010-02-26,0.09583606230946391,0.03407907031192977,0.02577083219300032,0.03183883296701322,0.02736256115568488,0.03019496052095283,0.04070382455781929,0.04015264137578874,0.046271734720774504,0.021622348644566358
2010-02-28,-0.030932817786369915,,,,,,,,,-0.12914485165794054
2010-03-31,0.16365710799376862,0.023001742093026023,0.04956502830167575,0.0344693390568935,0.052932453927636625,0.012790944689438569,0.0692354430410132,0.09371375128047991,0.006264906870911561,0.0431677283180566
2010-04-30,-0.12192301687520687,-0.04841862898571547,-0.025570171407640136,-0.10096700783982904,-0.1262791690767506,-0.17607666193836505,-0.041581450658160525,-0.06663923251270049,-0.05546740137037701,-0.06306005754347956
2010-05-31,0.009826283242008611,-0.019303715015925982,0.021667674339596637,0.02432380168593982,0.0064409964275644604,0.0036815846625596893,-0.015227807131283041,-0.02753079169527134,-0.0009034286659470222,0.07163253662092957
2010-06-30,0.029304640777084407,0.0795867973801699,0.10836455851039499,0.06705734694585219,0.1106161170045773,0.09798418737797439,0.07244561098888506,0.08580335188631634,0.11328526603613931,0.029822106154633005
2010-07-30,0.05295512093563189,-0.007982080942282884,-0.023445408733677103,0.044513229204644934,0.029152348223274577,0.015268069565893697,0.08464728087247962,0.0020867971989265897,0.06988439301612653,0.05465083491320818
2010-08-31,0.06870768697179723,0.16579813986920022,0.009893198345057216,0.07328194086900593,0.09345672688520786,0.08900054319833821,0.09390560768884364,0.10920009504517514,0.09183182952183488,0.04082288604756268
2010-09-30,0.039240489973674415,0.09049543803811533,0.03135080530988107,0.047138375184904935,0.0387954399457055,0.05963022964874909,0.08589805784124264,0.06420593158716914,0.048547556686563485,0.012941176853605805
2010-10-31,-0.03406654433137087,-0.030775551774881282,-0.03633240752509557,-0.031845005731668485,-0.04206072266088238,-0.015225795853982408,8.956061791646579e-05,0.06649681622939589,0.004364833409538231,0.015916667211438546
2010-11-30,0.034470837097996206,0.02188780466269032,0.0073299213815038455,0.04603978577882615,0.040255674612716896,0.030764623243253797,0.09664084969272076,0.11393217346459698,0.00799761755685526,0.04404350137266434
2010-12-31,-0.09280323234206558,0.019665233178676318,-0.0022981413903730243,0.00463458118064312,-0.03460465495776299,0.05463834223460103,-0.04243523309830238,0.033281500300003174,0.11092194605235912,0.0035778493944518103
2011-01-31,-0.10748596483454463,-0.06277304025961018,-0.09852736656866658,-0.11036108292859391,-0.02304001940246947,-0.05801790152484796,-0.10535069401898833,-0.09162502738335908,-0.1026512725697274,-0.0563524765165687
2011-02-28,0.19135064681114478,0.16616909041416308,0.12489406795061102,0.12467515859167873,0.14002939187213548,0.18625960275053788,0.060938129219569724,0.13657675507682207,0.1202050352783854,0.1708141362311236
2011-03-31,0.03927709518967938,0.012177678763054775,0.06028486267521841,0.1556917478577283,0.08531947009682668,0.0471102456721487,0.10938383778057938,0.09441740578168334,0.15796067414922674,0.1018920184361792
2011-04-29,-0.13937430482409321,-0.02542397150708403,-0.08943445813568375,-0.08800135621688948,-0.08290041787753404,0.04126341095068723,-0.03562763738870045,0.01324297545054994,-0.10300155985611169,-0.024735429522063708
2011-05-31,-0.02584280451077849,0.0032489417095209285,-0.0013449422653993293,-0.0028566454504896734,-0.05705104830935052,-0.01418053909149732,0.011052763979077248,-0.01772617978278686,0.022311667304995286,-0.0015731674997658182
2011-06-30,-0.09750392811513132,-0.04716030079705343,-0.09772611456186009,-0.012359426038829243,0.009058730386550732,-0.013782328144552916,0.014779171637276304,-0.0028812007607607235,-0.0282740588615511,-0.03376591369520781
2011-07-31,-0.20628714291858505,-0.18276454118038718,-0.12051738843591192,-0.12930491493463864,-0.15176600111328148,-0.15518459683360533,-0.09723882463806927,-0.12380945500789804,-0.17959972969231383,-0.09720087063222417
2011-08-29,0.0,0.0,0.0,0.0,0.0,,0.0,0.0,0.0,0.0
2011-08-31,0.0705972596477349,0.0907993804373338,0.15662666301520298,0.09664573611576208,0.06705365272939116,0.008972224823178988,0.08393915581282836,0.1687704822649751,0.08174383884425118,0.0670043948377775
2011-09-30,-0.07693344098426524,-0.07170329654601583,-0.0600617818645664,-0.08791242851215764,-0.051367320983054486,0.017098344153231915,0.005595791326801787,-0.03280595181311955,-0.040392693255588495,-0.017193802832342033
2011-10-31,-0.10105862634004921,-0.03575495931663286,-0.0782389651944202,-0.04443755796468742,-0.03477549005363532,-0.08099831910135032,0.027653510984195013,-0.04992488853354945,-0.07716688048739762,0.025302540521092234
2011-11-30,-0.1092240184916523,-0.06463407123503123,-0.0180344048303942,-0.05500298255544028,-0.01660120177377759,-0.0595742169027644,-0.08484124215017819,0.008574274757152852,-0.10817298326080686,-0.009079657826123712
2011-12-30,0.0,,,,,,,,,0.0
2011-12-31,0.17502547431736862,0.0893333009054925,0.1466856588714391,0.1378997608352597,0.20611533243031854,0.11306018235560844,0.11775838676174871,0.15001649091350946,0.1732481219315398,0.2138670427820415
2012-01-31,0.07507160526358946,0.0366530527119436,0.06289128750545891,0.04628457066243121,0.04674803139947999,0.03991558450070607,0.06595661822718936,0.07411567339666618,0.009541510438175064,0.04217293763678639
2012-02-29,0.09701610384131967,0.07767845365318049,0.0476280850079305,0.060720435221431036,0.007033559094129227,-0.012307926175897321,0.09479117754718909,0.05414847816739717,0.033479879001464465,0.0297563012208339
2012-03-30,0.0,,,,,,,,,0.0
2012-03-31,-0.11662001237402979,-0.043263039871236884,0.013161921297640952,-0.020600977990617626,-0.005508353734768175,-0.013787571412372432,0.02510825320221255,-0.012719554272428732,0.041374990660863385,0.05941047653474457
2012-04-30,-0.12041469042686959,-0.0912563236396327,-0.06413438748850057,-0.0607052214862235,-0.08945524185398857,0.0029112561009004465,-0.06978066925031882,-0.097317255214956,-0.09569993884226574,-0.07344587391373267
2012-05-31,0.11199346223462926,0.1289232962461326,0.12761819363159424,0.1005833289906372,0.13123451059506988,0.1088967113902427,0.09222410114688913,0.11397274624016489,0.08564304800174195,0.07977657227401003
2012-06-29,0.0,,,,,,,,,0.0
2012-06-30,0.024925272524873348,0.06376172416688602,0.047199070023449675,0.014600852398782413,0.05397983074610779,0.056715539458382126,0.05021264157531772,0.04203126337584984,0.012580546289947278,0.038262783512956644
2012-07-31,0.02199025250913416,0.08170582057749178,0.02672171408105774,0.04594073580516633,0.03278529866190135,0.013679588313113056,0.03729545878990972,0.012341226576338496,0.050823788623233036,0.028142188942696822
2012-08-31,-0.07583811086287477,0.010315085103497454,-0.0324593503293422,-0.034325516233733755,-0.02175171622844903,-0.0557051897820646,0.015012932138666576,0.010934826712966028,0.006638293003176217,0.0007036826520009683
2012-09-30,0.006984526117324427,0.07706489817996166,0.029717324522835802,0.031748423012370665,0.08461318886432118,0.035721522806396865,0.052759277642633794,0.03848578254299123,0.05742269049772316,0.03585577032692901
2012-10-31,0.001456983679669193,0.006949253515392995,-0.015444176276141844,0.012318575339613872,0.0093344066078017,0.013006093336250987,0.010483461335794567,0.063541332242809,0.09336041663096366,0.04432358262180452
2012-11-30,-0.01184180641050771,0.06170765307244289,0.1330011703841585,0.1015776836697589,0.12920543903537643,0.08662307082299765,0.03723299587314972,0.09038126320165492,0.06303794969101932,0.10411009306145112
2012-12-31,0.017426286148779915,0.06151024253586564,0.002242426155848002,0.059436897289771605,0.04428671839256545,0.06983988063435864,0.036009607485315676,0.054855251150565554,0.05071600269076674,-0.005740849816996899
2013-01-31,-0.07319217550450678,0.00100383096948727,0.007841650176685607,-0.013483675137842497,0.033601844256534584,0.01176268157926145,0.09160621600021382,0.03629515434224432,-0.01026315643164627,0.04858738856842242
2013-02-28,0.044199321632618006,0.0703703304736882,0.09225471199308642,0.062163791395011825,0.05567535311569564,0.06710890582500895,0.05849943580996396,0.08374826836952058,0.07731971095167982,0.12131310970985434
2013-03-31,-2.089148328576762e-05,-0.0032699455879910966,0.0029329936863675687,-0.016445894845132276,0.0226750008680644,0.05700176046340658,-0.01980359410179257,0.03386939497342466,-0.0049906752836010315,-0.0008004536621653806
2013-04-30,-0.02697183569472128,-2.968606407421121e-05,0.0176837104139785,0.034993183571399626,-0.04182737987131877,-0.00750241336619368,0.01693940156145703,0.015617436602903172,0.05519586885329697,0.04088476203553902
2013-05-31,-0.11134142436405998,-0.14443867501850885,-0.12830260886984918,-0.06249723161357336,-0.12472737182045997,-0.10035511334418414,-0.07489344168045954,-0.09953142401475477,-0.11213581104241677,-0.04123742557366789
2013-06-30,-0.030695444798773588,-0.07071602552971745,-0.04550234297352927,-0.0077337240354603725,-0.03334317878261071,-0.02488417952913413,-0.0060685190763049195,0.0027623241912935192,-0.037740000886547054,0.06315446786079519
2013-07-31,-0.11210487473081455,-0.12699412559504275,-0.09351320608220516,-0.13512038892249018,-0.13171596355375903,-0.13622611146633476,-0.06942853225460305,-0.0851060791759837,-0.04489999128994989,-0.11021806473135667
2013-08-29,0.0,0.0,0.0,0.0,0.0,,0.0,0.0,0.0,0.0
2013-08-30,0.0,0.0,0.0,0.0,0.0,0.0,0.0,0.0,0.0,0.0
2013-08-31,0.4365152919369779,,,,,,,,,0.13909774436090228
2013-09-30,0.015269060857157164,-0.010728849469633357,0.02553022124302068,0.08271524708763892,0.09082221357072384,0.01732661459613895,0.09720922198874109,0.04102476971750969,0.032964121779809806,0.029328801673395626
2013-10-31,-0.014851805038641934,0.04115242201589935,-0.0026020965642133778,-0.03405744447117071,-0.04627841417250922,0.04569994443786195,-0.04138365317043904,-0.03289414100048839,0.005442333264194799,-0.01616274618689038
2013-11-29,0.0,0.0,0.0,0.0,0.0,0.0,0.0,0.0,0.0,0.0
2013-11-30,-0.2210526315789475,,,,,,,,,-0.13932738503774866
2013-12-31,-0.06476323369554393,-0.07399567782233456,-0.02903166982632512,-0.0066165526895871785,-0.021565094646401068,-0.07298632448990516,-0.08076396509885088,-0.07759264629200803,-0.03695743042058423,-0.03452636608721101
2014-01-31,0.007597867064700511,0.010704705795097382,0.13630707250443289,0.0056948619968114145,0.00461725013608109,0.05859284062308997,0.08827321208997498,0.034581037350274214,0.04023855009155047,-0.0034968517434650665
2014-02-28,0.16341963869489531,0.17555662784353152,0.10201636169605784,0.08189660513800263,0.0686723628881793,0.027927939115339893,0.059054552310484565,0.021444021231172346,0.054234441773043006,0.09120632709581253
2014-03-31,-0.002109727280331716,0.026269398638051635,0.11266862020050318,0.08465977467565781,0.059908458013374,0.06467385436895626,0.14814339337090485,0.056395756001004375,0.08938919968417625,0.09083858335179291
2014-04-30,0.032576095660573054,0.08283965789919903,0.11105424579358862,0.04682754273557778,0.03794215396144259,0.10906462091991877,0.05690752801548821,0.04183114235559948,0.04828627523949541,0.04656930149106938
2014-05-30,0.0,0.0,0.0,0.0,0.0,0.0,0.0,0.0,0.0,0.0
2014-05-31,0.11906400550584961,,,,,,,,,-0.030172413793103536
2014-06-30,0.009563438027352045,0.028124081320208588,0.009766654212933453,0.046642426464234665,0.011763748768058893,0.07895881761999475,0.026281090876918822,0.04603084666151718,0.13364255231905234,0.09046113899615374
2014-07-31,-0.009574545324050745,0.018070462346520193,-0.011540040545211794,-0.001233411799230739,-0.009044255351725003,-0.027086560517560372,-0.0007974343407717114,0.0018398244297183064,0.003170582946041852,0.004926106420828151
2014-08-29,-0.005319148936170248,,,,,,,,,0.003823726221202417
2014-08-31,-0.029291171023769373,-0.10319069795070214,-0.11047382774478194,-0.08413981794039622,-0.0249052347219544,-0.05774412463682214,0.044916816595639716,-0.051604708419284905,-0.09296619135072065,-0.03977402158762348
2014-09-30,0.06468093750842131,0.16343606327251067,0.05092387030747547,0.0570823629632022,0.06793221721614573,0.059056958623803064,0.032996057946117874,0.07249526632011848,0.051873810576447466,0.09505350216698646
2014-10-31,0.004723323014897719,0.051914017191788564,0.041027957188625674,0.056792969850875466,0.04371717585133176,0.12560612988356049,0.021200122251326448,0.003375483702074728,0.027310518497001574,0.0840401072260346
2014-11-28,0.010928961748633892,,,,,,,,,-0.016334308854556556
2014-11-30,0.025400315855604632,-0.007746210260197839,-0.026182242539919725,0.02106217093651584,0.06854282981784611,0.00021101195375526163,0.0012566347954107635,-0.006123296449177196,-0.006193892736290156,0.06472548806953737
2014-12-31,-0.016541978726467677,0.029914507222913334,0.0124371203410746,0.003101163237590164,-0.02788281751720408,0.19808396067181808,0.07244077543856008,0.01992993444105765,0.025479319627070285,0.10248114308507139
2015-01-30,0.033030421811050883,-0.04481119130255456,-0.03836904044374626,-0.037978483118819094,-0.036358002930136545,-0.010604120760222404,0.01729277039104593,0.04473483532768647,-0.054716797241940396,0.007649193397490166
2015-02-27,0.0,0.0,0.0,0.0,0.0,0.0,0.0,0.0,0.0,0.0
2015-02-28,-0.2072159921989274,,,,,,,,,-0.072072072072072
2015-03-31,0.07926676124695498,0.04644310463509422,0.007613488186573887,0.048773096473493434,0.08902569820538712,0.06681833520792943,0.042879597307895846,0.07208134748451789,0.1396625575479903,0.09892741730892583
2015-04-30,0.007341674009526693,-0.002621946281193626,-0.026171868260906322,-0.03753895878130794,0.029017140694485893,-0.03229902250187084,-0.017217388836053338,0.04105093089115081,-0.04061794372880521,-0.035278411289543565
2015-05-31,-0.0009210527708862136,-0.010996614424001258,-0.0064521930599466615,0.008525707365370339,-0.0021698262948112485,0.00011028424177239593,0.05787719911364667,0.07949644885344197,0.0314024891483101,0.09582283733455965
2015-06-30,0.027435212548908936,-0.012627073455188194,-0.025229270954006566,-0.033000220863329176,-0.04174969819864629,-0.00247492218836552,-0.015603715360867057,-0.0016146437214258347,-0.01870105333651349,0.022034773607060316
2015-07-31,-0.12285763017208119,-0.06198432245192282,-0.11517736501011168,-0.08103847156961239,-0.1077616649944082,-0.1540891636167069,-0.06414833573636249,-0.07566863745564212,-0.08925948950267913,-0.09049840378274068
2015-08-31,-0.021298535002078203,-0.008070838231076682,-0.01032768021923571,0.03797937399002741,0.025037720636565675,0.032687270403427005,0.041188603119809875,-0.014687903317560551,0.013131188588712076,-0.0026124979956764376
2015-09-30,0.0046544965115628955,0.06720823451529444,0.04606183983849804,0.08428306094091097,0.062209023986351975,0.0823166900977184,0.04209927577917435,-0.034863754842925886,0.03692694819244372,0.07730788210205244
2015-10-30,0.020623598787311317,-0.012654247452385303,0.00670911867745716,-0.02759648244807576,-0.0065732160267386415,-0.10306995246574478,-0.0857118007320153,-0.04942220454698005,0.04480835376821313,0.004334302798683155
2015-11-30,0.013820987155282667,-0.0609751223793616,-0.06307211633370535,0.01586751257846586,-0.029212623958251176,-0.06698905174832832,-0.009341643983527584,-0.04459824581184949,-0.014322826605659497,-0.04555768200769028
2015-12-31,-0.017059536161352553,-0.010810023556960686,0.13216815627105824,-0.01666852218591497,0.011863129408654638,0.017071159492983053,-0.05434035193083475,-0.006708636283721663,0.02494765254405179,0.029956983980434386
2016-01-31,0.021124827311999734,0.008264916324523561,-0.017199332822543805,0.005052886442309358,0.04792374583031792,0.017816658855808347,0.06935925901333677,0.050385924764033536,0.031503128836504045,0.04925140933892052
2016-02-29,0.06360819929920233,0.04687128332532532,0.09706052851095887,0.07982723914478708,0.07702873466912115,0.09372247947231645,0.07547005121124206,0.09989270544657737,0.08536117669159371,0.06544922582583697
2016-03-31,0.053000884322116346,0.08969371599638655,0.0616657129208269,0.0638992660362073,0.006208456867837646,0.05291893380703594,0.027051347930414655,0.054420990998727624,0.034518556155535896,0.03035955199642009
2016-04-29,-0.08827215035070567,-0.0800304521768636,-0.0914767332939984,-0.10882299173068823,-0.09763545280295836,-0.08476139272565131,-0.08114292825268153,0.010564471534077626,-0.05328109158976128,-0.03030538853004139
2016-05-31,-0.008003281896987877,-0.07763683771098935,0.02259460245191734,0.01859811637970973,0.015324386608343862,0.023060260245177284,-0.004556968727486658,0.023391954746889616,0.013463526994167621,-0.016876224520238133
2016-06-30,-0.03837179434200496,-0.041759158075223186,-0.05543536145477886,-0.027363065869703464,0.07371962687385647,-0.024089366765659457,-0.05006632440363897,-0.02090664838158748,0.035920011391207894,0.012797041793384367
2016-07-31,0.016254333966919172,-0.008129314093667985,0.01043944799333881,0.005906466047516513,0.05401742852388591,-0.02237848555852397,0.05487370670602765,0.07994560912826983,-0.07809037727942157,-0.012577824613975275
2016-08-31,0.07790787308032172,0.01698674822165991,0.00013235255890346279,0.006635617419793016,0.015523995373879681,-0.021044958347503466,0.03799541669116404,0.044978720655501424,0.0752412434035894,0.064435599553644
2016-09-30,-0.006435307649664427,-0.00044666491647220904,0.004736348486183724,0.019189558122017978,0.006956520503341075,-0.018381988639331697,0.011227897584195956,-0.003739877291485045,0.045021627754454265,0.0755038483847227
2016-10-31,-0.06319412124016457,-0.0708407301658978,-0.07888129031136909,-0.05177335983553017,-0.08802349712487996,-0.09287207130407518,-0.06090057046886652,-0.030088427970907827,-0.0016311807722077336,-0.0597113093892006
2016-11-30,0.11403711494144433,0.078272629372847,0.07254214689976535,0.07752952011583103,0.055380676077425785,0.10398699677865385,0.11043304052500862,0.13822141116241612,0.12079271153303388,0.06271217614414797
2016-12-30,0.0,,,,,,,,,0.0
2016-12-31,0.044548916044486596,0.12376693230386171,0.26455899848434566,0.12449725024625583,0.1660775092942728,0.07679719993425989,0.09353039811441863,0.10938589303917574,0.07221431116723408,0.11223052913631874
2017-01-31,0.0542380385046451,0.01174675135135623,-0.02442406833288559,-0.001168257024657171,0.006208362937204152,0.05378228078096613,0.020886780037875696,0.030014736385023992,-0.001368398174674675,0.02126703770231445
2017-02-28,-0.030095433331999138,0.046725121346017535,-0.05664619338669765,-0.031617017018585755,0.03193054948765869,-0.00850827003151706,-0.0015757388323170973,0.013300968735258703,-0.001423987693654279,0.045963030710654613
2017-03-31,0.03689843834170888,0.09180134589767801,0.0650217019524457,0.09787300588530005,0.03630627919175061,0.07648214457522741,0.048769462628799866,0.034035412402235336,0.08037981768090315,0.10634326341226363
2017-04-30,0.06056120853757834,0.039821152689240136,0.08048176865364746,0.09536588398284478,0.0036345720538961995,0.05181062072139094,0.04254629187556892,0.021003625283592526,0.09605759248858303,0.07650578210098194
2017-05-31,0.0029060705219595855,0.021215538547155695,0.04450249404188881,0.03855190578372155,0.021342906839490933,-0.0003372321859872092,0.09110388095868575,0.09716224167732522,0.03136641187886139,0.060888564909783734
2017-06-30,0.07145493936902167,0.07445736087655698,0.059015793404243864,0.10876612590169053,0.03943455710066154,0.013406394185665233,0.11889733127305561,0.14510849374228235,0.2218438593129555,0.05328575370409742
2017-07-31,0.004327771807105815,0.00027873703939764106,0.023023629999740884,0.017641381629600716,0.0971794474795503,0.08511753709887074,0.0457748644304539,0.07532446325540403,-0.012952897277233493,0.09909034873854862
2017-08-31,-0.04651396844779162,-0.04303982124854671,-0.06942576790331201,-0.039954285897802845,-0.07844729603276945,-0.10814724930831972,-0.08127535368053425,0.01593158129480589,0.003706978429554269,-0.01364683829731834
2017-09-29,0.0,,0.0,,0.0,,,0.0,,0.0
2017-09-30,0.025884765062945188,0.08371917678218795,0.08516620126289638,0.12163977785557527,0.11493376987621114,0.06198616179986336,0.1518213223988405,0.10658877345229507,0.001964195044185324,0.09205041041478314
2017-10-31,-0.013774859088674532,-0.14345482858815253,-0.11073093079344072,-0.08037393312623994,0.08506125608238767,-0.12346968213826724,-0.054944449369520844,-0.017310547650485546,-0.047790671670260264,-0.04946899646440982
2017-11-30,0.1388790457380178,0.08131703853050831,0.11641277200737479,0.13365684352544796,0.14278451046011334,0.11748587611030266,0.1539879567034012,0.16897196466178482,0.11903346501538957,0.09351998487504853
2017-12-31,0.015986926366703767,0.03630683688935416,0.08629448494921703,0.03499166015843763,0.08200570945852681,0.035019555597318903,0.020280461399871757,0.027629388912556556,0.02121926554794302,0.053329168099640785
2018-01-31,-0.02589698978988356,0.03687862525152804,-0.04857196130807219,-0.06873743172266143,-0.06060893285015697,-0.0469767311956823,-0.008334733872921005,-0.03815293913990222,0.05361231857176125,-0.019161148617777544
2018-02-28,0.08073584090868466,0.07950800222800851,-0.039944723613471136,0.006399309254246683,0.017520864098808042,-0.03255763647839448,0.05823871800269133,0.06245344406288943,0.029689619277334964,0.010385354109565093
2018-03-30,0.0,,,0.0,,,0.0,,,0.0
2018-03-31,-0.10855558296624321,-0.05278528328126929,-0.09593271875950855,-0.07226735223072296,-0.11993916133198856,-0.09633784570553608,-0.10671020307897307,-0.08499077765023767,-0.09034701443897845,0.016780988481864694
2018-04-30,-0.02049341470050787,-0.146005936059149,-0.05924365094407959,-0.11608757956176603,-0.011902276410454953,-0.08449688575433696,-0.10289598903008441,0.04568272187531265,0.03105578938324059,0.04793978305673991
2018-05-31,0.002246779823332482,0.09048465407488179,-0.028637967997118645,-0.03310134591004151,-0.03169785669620843,-0.008766808445631713,0.009426729394494912,0.008268089890876826,-0.007430277611731159,-0.10208157681984839
2018-06-29,0.0,,,0.0,,,0.0,,,0.0
2018-06-30,-0.02075685886297058,-0.06226453694361483,-0.11476208960484206,-0.04568592811183617,0.07943206102731427,-0.03139186493911136,0.05245789351134771,0.0541649914131449,0.01940768158116855,0.044494754611366205
2018-07-31,-0.18834021810444573,-0.12000561694150047,-0.12732204003150588,-0.09644573118332599,-0.05022469312625736,-0.04479951903373512,0.012793772474314838,0.03920854794932333,-0.05545020459644466,-0.006986023374628487
2018-08-31,0.08132184714834674,0.09656665862960659,0.03991983315077182,0.08402501233813918,0.05054542119518557,0.0474372277205959,0.03191103957527876,0.03617946165950554,-0.04499613098879781,0.052854723847907806
2018-09-30,-0.06466793063454987,-0.08917258055407183,-0.1603061702983564,-0.06312889008587068,-0.04858642348310606,-0.07201542371989422,-0.08951647488404499,-0.11824238175424173,-0.05805021319774465,-0.09583871073706862
2018-10-31,0.11470144547667606,0.056260540472947054,0.14803905845135248,0.031021342869855917,0.10008468473538094,0.01444156307778477,0.016696665789163272,-0.08414734953487116,-0.024924552000886058,0.08820317161959083
2018-11-30,-0.08458036373923634,-0.04697775536935616,0.19270706639119806,-0.06916347838397542,-0.05229179310940489,-0.05044953509113727,0.0761867312938862,-0.015063940942286485,-0.061894719099024366,-0.046184147237027955
2018-12-31,0.18020102212906766,0.13726709837459264,0.11307680744549178,0.14837467809746216,0.15067348874514394,0.18789254042393866,0.0732161599829373,0.11942222538628831,-0.009916523565672535,0.1971489630386054
2019-01-31,-0.04719427466547374,0.044064275716927837,-0.004569083468960867,0.021451018218097855,0.006005659060693407,2.0929394028376285e-05,0.10187134355133358,-0.017496688062941263,0.04167331976319001,0.03864706794198288
2019-02-28,-0.1570652500422747,-0.11007985334815236,-0.12637101981004764,-0.12716482538057153,-0.10754134226303809,-0.06243552760369052,-0.07210933649693597,0.02153200633263606,-0.08903145933385401,-0.0174086352553746
2019-03-31,-0.020991142616353757,0.06521576252699117,0.012336606829181331,-0.010383007916930254,0.016032593544068035,0.07013834193128173,0.040026348065816654,0.01817253142062106,0.03947515265910061,-0.00045333491691208164
2019-04-30,-0.08537461920498197,-0.08021486493995844,-0.08633153570679465,-0.05709800590659843,-0.02273671324187895,-0.02501769600020855,-0.04165775085013341,-0.012928369530074035,-0.005804734952842997,0.05814271785581831
2019-05-31,0.08171745770845898,0.14548529220431086,0.08207695061744395,0.0750655982479735,0.13565239828779665,0.13128963797910057,0.07883799728575229,0.09881640286673421,0.13724668031899126,0.10386365113781526
2019-06-30,0.035167733882619893,0.08989664774419583,0.03338923670320494,0.01175206447215904,0.028179259708947017,0.0064707158134656995,-0.03033000923107032,0.010224600443054494,-0.001469068033577603,0.049728030036095494
2019-07-31,0.09463983922232498,-0.007872692337737987,-0.013227382421444087,-0.004880017088963414,-0.012648493199271384,0.007047378683998169,0.030951679899366962,-0.0411576795367267,-0.009357111323609803,0.014426302883687117
2019-08-29,0.0,0.0,0.0,0.0,0.0,0.0,0.0,0.0,0.0,0.0
2019-08-30,0.0,0.0,0.0,0.0,0.0,0.0,0.0,0.0,0.0,0.0
2019-08-31,0.05339805825242738,,,,,,,,,0.393232205367561
2019-09-30,-0.05013187570678772,-0.07481883372075251,-0.0576332718783495,-0.03069201928419139,-0.023525896848532696,0.05744337704423682,-0.017326406436856203,0.04107732958557248,0.08280153076235044,-0.022579046524407502
2019-10-31,0.12450867646947049,0.1835678063997097,0.040339036411001276,0.12028766490220584,0.1516312747600419,0.09931895108125155,0.012762849617026435,0.07149060491526792,0.06399632306395094,0.10253311532840949
2019-11-29,0.0,0.0,0.0,0.0,0.0,0.0,0.0,0.0,0.0,0.0
2019-11-30,-0.09103169251517174,,,,,,,,,0.07936507936507997
2019-12-31,0.08674640539624738,0.14700370214351852,0.10644692574456546,0.09213419434316983,0.04073380000667404,0.0674340214373713,0.06278605771809866,0.11777354335301239,-0.006035497104072775,0.09617464624841633
2020-01-31,-0.11947162679548146,-0.17246371346178016,0.05676101053567003,-0.03689606243007071,-0.09852630001094152,-0.09928171671479069,-0.1627769228626228,-0.12292397292683725,-0.032436983021527276,-0.04080847107645328
2020-02-28,0.0,0.0,0.0,0.0,0.0,0.0,0.0,0.0,0.0,0.0
2020-02-29,-0.3499005964214711,,,,,,,,,-0.2674524025385312
2020-03-31,0.255923129509538,0.15486538267810457,0.22563957392818085,0.17088544176218465,0.13528825309590303,0.18989266936393778,0.2091769756479991,0.21133818015426736,0.19532919418592493,0.2844530290451886
2020-04-30,0.1376366199848931,0.07168962172537396,0.15531782105207173,0.1407181845085062,0.024731545444246463,0.06976505220939012,0.07821004620592063,0.03147313773996666,0.04277212111987675,0.060967359699899144
2020-05-31,0.18932443303322066,0.054677127428339425,0.216345071686555,0.08016831726017058,0.09557590021390228,0.16423241357140536,0.11930113178638344,0.1084000137592976,0.06399030429783084,0.09039349952882789
2020-06-30,0.015403615555580646,-0.03830392148338034,0.09426578291822904,-0.059989953282613216,0.1586019357182035,0.026505747042837053,-0.031029626700005482,0.12315270518836548,0.035000796658574314,0.07572060644310621
2020-07-30,0.0,0.0,0.0,0.0,0.0,0.0,0.0,0.0,0.0,0.0
2020-07-31,-0.0850598643288029,0.1649218186780769,-0.04462737280989113,-0.011083092648899081,-0.01000424545256077,-0.06010973692623206,-0.0371400028078277,-0.03950681741882741,-0.09391299059957418,-0.021558265276769035
2020-08-31,0.0687350189042665,0.07537078770201563,0.024720993028879503,0.08066930006306876,0.18496322784594996,0.054736061121964434,0.12863839157196183,0.07308751518927559,0.05225878975389248,0.04566646794830359
2020-09-30,0.006818269078736949,-0.04968290376240114,-0.07401708289314594,0.32991716524437475,0.036797213678056155,-0.037992625556943285,0.004331803080391479,0.012255853144430435,0.0013458771516742082,0.011998398105981689
2020-10-30,0.0,0.0,0.0,0.0,0.0,0.0,0.0,0.0,0.0,0.0
2020-11-30,0.12979651866773467,0.09504425689008288,0.09691750998843553,0.22480720831016646,0.12243778848477035,0.1346847014658325,0.14422342400922342,0.1269108983490365,0.20208124809182818,0.2039926239739434
2020-12-31,0.2630858300058506,0.023796298338288224,-0.004570790694645372,0.05200568770983465,0.08538663323240352,-0.0036012322566974114,0.2999259042203182,0.03445378986488395,0.01390829381798085,0.05008021683703734
2021-01-29,,,,,,,,,,
2021-01-31,-0.0010996824789522158,-0.023253812671633716,0.012394841323386465,-0.03619327985862798,-0.03521927401686485,0.08720300634234349,-0.05637458913879916,0.0018218988729649904,0.01670347850529525,0.01278457290368941
2021-02-26,0.0,,,,0.0,,,,,0.09949332105020736
2021-02-28,-0.00044157570056594216,-0.12832937702917166,-0.11392224517769357,-0.011687979333759948,-0.11391167942712703,0.06042215272183377,0.01600902912094477,0.009736682294840942,-0.0464258675641283,-0.10421012101376824
2021-03-31,-0.05484235352668565,-0.05057460291739062,-0.1153336985921457,-0.08774718056147165,-0.046937785834162915,-0.06618946261351984,-0.004939987459165843,0.004036999478511022,-0.041040948454472634,-0.006998496281109476
2021-04-30,0.030087920717115732,0.0332238569974881,0.06715760126190182,0.045396547896707475,0.023195825038030235,0.06636869463282895,0.1405242227249964,-0.015155373615639886,0.004418368869823233,0.018321334752618088
2021-05-31,-0.03552081062027358,-0.07851031259870163,-0.06276345278763001,0.024341508647864267,-0.06612190061197493,-0.05476425409370386,-0.055701267462086514,-0.052478309850921,-0.03677807417817204,-0.02465889368790458
2021-06-30,0.034347845130718535,-0.027117330776026224,0.043436431725577526,0.013494843889618482,0.03844116789301444,0.005276917172918434,0.02636497690768967,0.015378671108646519,-0.031214372907527765,0.02752414490211555
2021-07-30,0.0,0.0,0.0,0.0,0.0,0.0,0.0,0.0,0.0,0.0
2021-08-31,-0.030880750330364054,0.01602082785419201,-0.0396967673539379,-0.02395177404155933,0.0034147617600178704,0.2835697197307421,-0.050473578283249755,-0.026407711326945776,-0.014697359084472464,-0.01673552253490855
2021-09-30,0.07067150133715894,0.03128757379502732,0.13232789163559175,0.03013152663097198,0.0516698233416957,0.09406465432264102,0.028875733643895823,0.08101311370186991,0.05799273176667645,0.07549882550382606
2021-10-31,0.12043890625744366,0.11996644855517917,0.1672985824703037,0.10478339476939065,0.14729032171950415,0.47190108276911946,0.15242649468385652,0.2562946561479613,0.24300495678040235,0.19807660349891584
2021-11-30,-0.04690262917633728,-0.07063749769736462,-0.04908870066002498,-0.04150845176888043,0.00477442064451733,-0.1102438903714351,0.08285355826106668,0.015245569736741418,-0.025805293795506168,-0.0029363111451861795
2021-12-31,0.0766007718054505,0.15659840762969443,0.05437683648001189,0.08432281405718352,0.08464372591856131,0.15518960077169566,0.014007034331131638,0.07092650675501308,0.07419595877545998,0.14906998000673227
2022-01-31,-0.06881187866686783,-0.09002263416022427,-0.07701562287237668,-0.03616651170276196,-0.09659741198934203,-0.06429096232512359,-0.040726499254239004,-0.06946024573465334,-0.061853135467172,-0.06887355182248338
2022-02-28,0.14470861710820468,0.10936438793257261,0.2353037536527973,0.15411567844594629,0.13800450089607857,0.16248325303415462,0.14509765610414374,0.08249482184350773,0.16464918254577396,0.2087302067130284
2022-03-31,0.09957182425376775,0.10673172284467672,0.08023249474279515,0.10503408083252305,0.1445054347296026,0.10149785077702192,0.12918859535210475,0.05101487781813402,0.07312051860445372,0.07447152524433419
2022-04-29,0.0,0.0,0.0,0.0,0.0,0.0,0.0,0.0,0.0,0.0
2022-05-31,-0.040109676918279984,0.011964816007119017,0.11711768997971117,-0.0005134749727720989,-0.038513498645778216,-0.021308682629247067,-0.05647626914882663,0.009496081877145138,0.07421020416570133,-0.07047964641199038
2022-06-30,0.152014898887461,0.11568363073831463,0.05729202002684736,0.1082776518775272,0.1263020530104108,0.07520406604893612,0.09160098997625955,0.11793324795290665,0.0729185269398919,0.0508279607390398
2022-07-31,0.4509391576821715,0.4171001969778739,0.14264210885816414,0.23542366147118315,0.21906819992677878,0.30942420315508046,0.10354420311636382,0.17030384897408807,0.07615147653567274,0.0771053654276709
2022-08-31,0.03718023050896732,0.121541189789016,0.12103596626298102,0.007767888548117441,0.012762578280242812,0.15445565745123482,0.0044306550697736785,-0.011328012238796037,0.061966390127023124,0.07675484749505705
2022-09-30,0.30918647049312925,0.6476749086804414,0.17310846033568078,0.10658703161782307,0.32468657965655545,0.41671583880120144,0.20762031328798355,0.3942019217252257,0.1889350500638658,0.2617554565621147
2022-10-31,0.2881447745773291,0.2764596868364231,0.3421889906513409,0.42676516475001164,0.27206971782159284,0.35973816070657794,0.3338715512273488,0.2981220055843419,0.47833937905388435,0.4858665901243989
2022-11-30,0.00044105382568333025,0.07238128397960664,0.13193352481012388,0.12457840510020843,0.02436531852855975,0.1309851137465042,0.1593230402546134,0.09173499544668484,0.07341916498247837,0.24097394993426224
2022-12-30,0.0,,,0.0,,,0.0,,,0.0
2022-12-31,-0.16428185961873254,-0.1990672250241307,-0.15775161974423968,-0.1755953718545393,-0.2143724987360212,-0.20419464139746477,-0.09533149661691871,-0.0852752084367079,-0.16281734852406046,-0.051576713416615294
2023-01-31,0.07818925238499776,0.11325386533502252,0.05475257147792388,0.053637252883468864,0.07716652207423386,0.17842685846471468,0.1955705247777927,0.06979034250440959,0.0647193891708448,0.2895772571421719
2023-02-28,-0.10179556881511952,-0.06647532503294479,-0.02588832521271267,-0.0522425923342928,-0.07800951494003211,-0.09961971363790482,-0.018992643615842568,-0.02662050403921147,-0.03476397931240563,-0.09382659308386491
2023-03-31,-0.033788009612548985,-0.02162224517645371,-0.0583777517808404,-0.011641285434351315,-0.04252311686217485,0.02973420707108776,0.02100097555815377,0.009604523924064856,0.03085872319054925,0.02685750785295772
2023-04-28,0.0,0.0,,0.0,,0.0,,0.0,,0.0
2023-04-30,0.04627503160427196,0.08671697255053736,0.11612313694051221,0.12414228466338972,0.05929779759406671,0.06737712866515903,0.06063161388322585,0.16797087202980415,0.07207346241808692,0.12166260554300562
2023-05-31,0.09416845921871096,0.12636768709762344,0.12618105924791012,0.18304546963973908,0.1326832542960692,0.15168861098278855,0.15550657084366407,0.11624072335296626,0.18114510654947166,0.19102202847915897
2023-06-30,0.2012217015171872,0.33694191115258026,0.2919980072270271,0.25889712334598913,0.3925568869117966,0.33951855037415307,0.2954467667308276,0.2677445159383268,0.3364945486567876,0.4511000685814291
2023-07-31,0.10117352304163157,0.18342312009690132,0.30668810805430546,0.09018562002283473,0.15868891500494928,0.3010916358933299,0.19865780860441434,0.19546595069819162,0.2639758351542083,0.17728691384134837
2023-08-31,0.18309915341880198,0.05840070453007476,0.024648103199286023,0.15487165422166063,0.06524079072683457,0.11500006732362526,0.07868781255679004,-0.025636378299065114,0.16562488839808046,0.18521588226682784
2023-09-29,0.0,,,,0.0,,,,,0.0
2023-09-30,0.04557092257234525,-0.07635633126224711,-0.07534267133309461,-0.125001359751439,-0.057470378230395816,-0.06402704700014222,-0.030872321577477792,-0.11937085353333243,-0.042708930226087696,-0.045948560514803546
2023-10-31,0.0677182686844148,-0.007841857031067176,0.06525530950058239,0.08119610081672057,0.16511181920695894,0.01769886477212103,0.12102726679572699,0.0245817252200556,0.0704484759921844,0.014977486535566409
2023-11-30,-0.20112040698699835,-0.13206439516353016,-0.10872432708796075,-0.12230564933881254,-0.07640204017735888,-0.15765160064604034,-0.03846355228912773,0.0008955934178464705,-0.09630730624182857,-0.008469890863930195
2023-12-31,0.20882371990127396,0.18174469959915857,0.14548430537482515,0.17652044408081585,0.187514782441331,0.16668249630030887,0.19319160857396658,0.16572196879096493,0.17601658466621445,0.26208861265239053
2024-01-31,0.06295447570539939,0.2326425721107149,0.07184610126657867,0.1497317329127808,0.07011903867685144,0.11795135983635034,0.08466000560503065,0.016668942798873407,0.24347204144918924,0.12189860035184867
2024-02-29,-0.08803612325253997,-0.10082239269043441,-0.058365463316420785,-0.053174193981901687,-0.02406466705859674,0.010401197141772518,-0.052407571243736815,0.10036468953105059,0.09978832051689036,-0.028242101162632573
2024-03-31,0.1516886029550327,0.07734372019875205,0.06875339299961915,0.08725617006419996,0.06822796748995376,0.05066781939580243,0.15140959802648724,0.12600225327555334,0.17194034882807557,0.05978710730822788
2024-04-30,-0.059407245318517966,0.03621864600154503,-0.1021895195951974,-0.04354652725920738,-0.0007773282054719499,0.28988649416846163,-0.03971888649500856,0.08647828784206019,0.042558838050558864,0.10054536461363206
2024-05-31,-0.07014707822002623,-0.04276870718206287,-0.014881773421475033,-0.01616225877311328,0.01406400905160896,-0.003987614310549664,0.08508992424630277,0.040712744940782336,0.11814233878486605,-0.04250927391732222
2024-06-30,0.06490297629738433,-0.03097954860335652,0.22584069361721287,0.08312014579263421,0.03231160963598606,0.020946287263862433,0.10807192242200389,0.07572357128318348,0.1276151790130297,0.05981855980251551
2024-07-31,-0.0829309372990798,-0.09062750944155565,-0.11037621596023843,-0.0882178528617579,-0.010687918571737953,-0.10097930786239502,-0.10287626141248102,-0.08924420830084238,0.09093890336177085,-0.07104891325906673
2024-08-29,0.0,0.0,0.0,0.0,0.0,0.0,0.0,0.0,0.0,0.0
2024-08-30,0.0,0.0,0.0,0.0,0.0,0.0,0.0,0.0,0.0,0.0
2024-08-31,-0.21774986759476422,,,,,,,,,-0.06052344601962922
2024-09-30,-0.01720357644659922,0.08710568888406847,-0.029865648221601683,0.09326041979743281,-0.047989577227761,-0.04084967963297661,-0.024128823760628772,0.01784580075109854,-0.03319824547145518,0.00349102862113988
2024-10-31,0.10492658820971221,0.04975287683424966,0.0639441237254366,0.09903968783641484,0.10940273826493567,0.13593591500487395,0.09575759841667443,0.12963884237420326,0.10433049965165456,0.08098216229356678
2024-11-29,0.0,0.0,0.0,0.0,0.0,0.0,0.0,0.0,0.0,0.0
2024-11-30,0.05016549441456353,,,,,,,,,-0.12442129629629628
2024-12-31,0.038516754898245575,-0.011898597265833167,-0.06372064621469443,0.0034258133279006695,0.013284938021781822,-0.037375516325359515,0.04046701936148037,0.05416525133096698,0.012747138902289434,0.025135685498878034
2025-01-31,0.012658892667591926,0.0035205157013778686,-0.056023888286988135,-0.007763740601422075,-0.021694983355646447,-0.033715044343525964,0.036480117950173405,-0.013219177370873858,-0.04173411583963006,-0.054951053435639066
2025-02-28,0.04867411196635335,0.011547067313064374,0.10613114971201262,-0.018798528441080153,0.12177194644242437,0.0031098247494352306,0.010875028050676649,0.1816797143264121,0.09500851095250797,0.12129833535976142
2025-03-31,-0.0869831425182153,0.05164549537026629,-0.0744164047051573,-0.032746271631417266,-0.04537672660509624,-0.021489355120133107,-0.009768153484284803,0.011315367968764745,0.09359285481903536,-0.07336395638504153
2025-04-30,0.0021811707047400654,0.10330929831149685,0.031628637203762335,-0.020356237172298387,-0.03586933542678972,-0.005812784561918116,-0.04041838371293939,-0.03857434782248091,-0.07596746021503638,-0.03513267685726268
2025-05-30,0.03921147124337904,0.17010426957508237,0.06856797914968066,0.03655722816729379,0.08119202428861502,0.07323083311933919,0.07464837062443466,0.08328593129084616,0.07852518847881382,0.1085536844331961
2025-06-30,0.17703708044246994,0.16438679011136773,0.040503149941592306,0.04352155708207227,0.07573479421442161,0.023923478680678123,0.148659198587779,0.012219931886979073,0.060455553534560655,0.059000637803867474
