date,q1,q2,q4,q5,q6,q7,q8,q9,q3,q10
2000-01-31,-0.015815995334969107,0.09765138051659802,0.06656276929002695,0.10775095797396911,-0.019191919191919316,-0.014340224248533484,-0.05779612205160515,0.033147867263194186,,
2000-02-29,-0.10527538411072032,-0.0885822989783387,-0.08289965821342966,-0.14147211073498708,-0.08482772807448236,-0.01899549219089149,-0.03312498758368606,0.08880802517702605,0.09242606105090445,
2000-03-31,0.16177041611915552,0.07004593214981288,0.2745114318039379,0.27119739163067913,0.25204306379840424,0.16216203336268795,0.18294012042845886,0.15419854338412411,0.21828189464624095,
2000-04-28,-0.15008924475367413,-0.14996630114438633,-0.11865992159575697,-0.11115680510174306,-0.13840319898720796,-0.13408917101393736,-0.1033698083293225,-0.07516024984989922,0.019641791200238012,-0.13203161593577933
2000-05-31,-0.11162119642977708,-0.08436874784875387,-0.1090405748085005,,-0.1015740360711048,-0.1763616712519722,-0.12487744387381658,-0.133319746967523,-0.112618234259282,
2000-06-30,0.03131351812850867,0.0987736992945325,0.2189624678945269,-0.04095305670797824,-0.04099010234433517,-0.13424448567305722,0.13874630335182547,-0.03559995381467048,-0.036641035598126294,-0.010478750340851587
2000-07-31,0.01882271872710186,-0.12209932365616645,-0.08464886903345155,-0.09108941631058387,-0.0895746878567672,-0.07573454162401425,-0.0030850823849479236,0.24469339267841106,-0.10215159811735355,0.055900150708712265
2000-08-31,-0.11444453432664024,-0.19440267577748252,-0.194902188817448,0.13365052333393734,-0.1487620080717086,-0.20847838700319132,-0.13150171025046895,-0.10779137648972861,-0.1465591752596616,-0.07754951741970004
2000-09-29,-0.009451795841209809,0.008522727272727293,0.04072764684397345,,0.0,0.0,-0.04950495049504955,0.0,,
2000-09-30,0.24494310097043326,0.11437681159420247,0.28500140671540564,0.30553845279540537,0.34121212121212147,0.33752899695998045,0.20620500178160145,0.3420138888888886,0.15018722396466722,0.2593073593073594
2000-10-31,-0.4550575464758226,-0.5579190585080466,-0.3856354577174015,-0.4364926090243617,-0.4045194821772234,,-0.474617581581367,-0.37844257114277513,-0.4847430294107562,
2000-11-30,0.14321779434396043,0.007274115359077016,0.010774344267664479,0.13408156455069897,0.05179699471495151,0.13574104784718402,-0.04544193477031981,0.3613177512915799,0.1974410252378289,
2000-12-22,0.0,0.0,0.0,,0.0,,0.0,,,0.0
2000-12-31,0.020127367740989194,0.17821795422540299,-0.17021276595744705,0.09121219000056757,0.14058822861568296,0.06325948245303067,0.05508060576453311,0.06111111111111097,-0.007362082362082523,0.012090152841185975
2001-01-31,-0.1558003571115695,-0.27556282077371097,-0.2135653660598847,-0.02512126206699729,-0.27031665966092205,-0.25296018945212484,-0.15186004128015165,-0.10707070707070687,,-0.07552507003236492
2001-02-28,-0.1091268018083128,0.021886745258708613,,-0.11789692124939644,-0.07388492001105146,0.0029785018397923135,-0.06362303032711436,-0.05946275946275966,0.14114415372713715,0.05356908049215739
2001-03-30,0.04357958517827987,-0.03488372093023251,,0.029347143753923444,,,0.0,-0.03468208092485536,,-0.03708791208791207
2001-03-31,0.5047168173577374,0.46024108246392503,0.5869586427843307,0.605981308411215,0.5697143409615553,0.7241379310344831,0.5335856022957932,,0.7247871958239743,
2001-04-30,-0.13322260824453652,-0.11936455585944017,-0.0699368931719534,-0.18244552058111396,-0.06522828811158343,-0.040520125858562725,0.027712746191006693,-0.07019128841794667,-0.04662750145113424,-0.08155468466249333
2001-05-31,-0.025875004101238386,0.22086720867208673,-0.06712121212121222,-0.03103075169724316,,0.06705141863053239,-0.04396416438076837,-0.022452142912501083,-0.017210835324769597,0.11802921532911885
2001-06-29,0.010351093842554912,0.010714285714285454,,0.039787798408488007,0.022454045626128294,,0.03925845147219187,,0.01760563380281699,
2001-06-30,-0.10216782240623816,-0.1225583299567802,-0.10046629790476466,-0.1071612093113107,-0.07563320825515935,-0.1688988095238097,0.14261904761904753,0.04587363898425298,-0.05518763796909498,
2001-07-31,-0.10730255739937344,-0.0927146033985102,-0.07022341251398174,0.06428700655268797,-0.1173606471078769,0.01115096350313527,0.03586956521739071,0.11102155692635403,-0.012125293823566863,
2001-08-31,-0.14566576317831698,-0.3819199744516756,-0.26610923258866037,-0.18035479004052687,-0.22933654000406495,-0.22702224960694734,-0.332814922613445,-0.21737355356476287,-0.2876914175915753,-0.0613183444047011
2001-09-28,0.030927835051546504,0.0390625,,0.032863849765258246,,-0.001466348543592788,,0.0,0.030035998200090064,
2001-09-30,0.39761138106668203,0.388709324577069,0.2536715556024068,0.2599194533563727,0.1964285714285715,0.4011675832007708,0.38712614123900724,,0.28038880703434466,
2001-10-31,0.38103270243505755,0.4056224530440911,0.26853759265879973,0.16966510915657473,0.15847506667283498,,0.0905391939439355,0.13863520408163255,0.2178978967520001,0.052135653111819356
2001-11-30,0.2187672556730855,0.12574440130585832,0.18635915760189312,0.20264046983807066,0.1921701993737687,0.1791698826582548,0.11293873058578924,0.09064672294958473,0.2696422114629915,
2001-12-28,0.0,0.0,0.0,,0.0,,0.0,,,
2001-12-31,0.08953870958159067,0.05239082812612189,-0.023318738871898947,0.0,-0.007141428632948726,0.02154116564820277,-0.003386699507389198,0.012910450129949569,-0.02243589743589741,
2002-01-31,-0.1494509334699346,-0.04741537654159016,-0.12298725023411258,-0.06302392359580074,-0.1775740192296654,-0.12467825758291609,-0.11018010003651497,-0.17478498512981286,-0.20018284023413674,
2002-02-28,-0.03620317153679611,0.03887341817054787,-0.024031552617343632,0.006751914724783781,-0.016127918493630267,0.00943396226415083,-0.08844245843979612,-0.04502541757443734,0.020418281845341876,
2002-03-29,-0.007425742574257432,-0.006748466257668673,0.00579150579150578,,-0.015901060070671158,0.01098901098901095,,,,
2002-03-31,0.008904147825601477,-0.06971051154994692,-0.0069810482969307145,,-0.02521525224768928,,0.10417117902266403,-0.11555555555555552,-0.015920069517745494,0.03575391871272002
2002-04-30,-0.10454398032300993,-0.0713568116661134,-0.08777883438432166,-0.08648452649141931,-0.08522727272727271,-0.18419793581815158,-0.12656294401818696,-0.04220213625497717,-0.03876849906082558,
2002-05-31,-0.10885156726325425,-0.043564662710536876,-0.09824235561455379,-0.011064811894489069,0.03051617661275341,,0.030337403093033084,-0.08333333333333337,,0.04032467930315535
2002-06-28,0.015789473684210575,0.04991680532445919,0.026785714285714413,0.012499881270124746,0.09090909090909083,-0.024390243902439046,,,0.011124804808076538,
2002-06-30,0.1607476740173469,0.0193026151930262,0.13700715237330857,0.19066432200273223,,0.34301450465243544,0.40711401056228635,0.06423769247451763,0.13564204124901116,
2002-07-31,-0.15650259549836606,-0.061208462259513687,-0.06616341073855689,0.0,-0.030660272466123645,0.07636004448175768,-0.011036384865410542,,-0.025511952229846188,
2002-08-29,0.0,0.0,0.0,0.0,,0.0,0.0,0.0,0.0,0.0
2002-08-30,-0.026367431018593773,-0.02142197725236598,-0.010120177103099315,,-0.004819828738306192,0.0329765989041938,0.0,-0.00833333333333336,-0.02043512043512045,0.00806660173767589
2002-09-30,0.10777885857469709,0.18423536278259872,0.015874499133512264,0.11847175180186648,0.1551991545606095,-0.033394146505042265,0.03613062427893843,,0.16306205897236342,
2002-10-31,0.26975839695764536,0.35922046583747413,0.44382375609116115,0.2692346079382808,0.2135307310926447,0.30434782608695676,0.26542122046965966,,0.22470943576931418,
2002-11-29,0.009926909027334698,0.011709601873536313,-0.001239722923545054,0.008120719026699055,0.013913984009514314,0.014176580711395603,-0.01878213029492226,0.0,0.020551932582931347,0.013705040526849066
2002-12-31,0.09751131796306305,0.2431746031746026,0.12324248502998822,0.08166448419055465,0.04449821200566687,0.07486475951436992,0.0816278225878782,0.059746383393226396,0.09590846803496529,
2003-01-31,-0.11027956311643679,-0.08057098072107793,-0.10805822223142747,-0.03285672169811321,-0.10597919566476935,0.14874551971326128,-0.06610510453366256,-0.05442606069541053,-0.09872031980786262,
2003-02-28,-0.029932909604519754,0.043231686978228975,0.012448227896923061,0.04567542149197834,,-0.018627709424309278,-0.14387284729136726,0.018123509068459852,-0.030369702978673516,
2003-03-31,0.1767101553257542,0.14610613239901213,0.2045949762153254,0.17773138825770318,0.19703779561470905,0.16432488696401043,,0.13732708706024557,0.18939537062900977,0.33011010930844586
2003-04-30,-0.029407633740686587,0.03528779437637619,0.01050756975665923,-0.0274443925065163,-0.060260993353616954,0.030914474051728896,-0.05711301874678268,-0.06483246033819093,-0.07524494310998742,
2003-05-30,0.0036444202669017045,0.01214779070880126,0.015818542964734422,0.012830672855579447,0.006367220388535068,0.004101671405199708,0.01191885590604369,0.011068666020121132,0.016785512227211394,
2003-06-30,-0.08647502241231232,0.017111582297282622,-0.030400638284897825,0.11067040924253507,-0.039740769410596156,-0.07516948965482469,-0.011287406289438029,0.003163503163503223,-0.04352132608747432,-0.027221930557986142
2003-07-31,0.07271279046782175,0.08270298686567701,0.08419246598091114,0.1166736539233878,0.003954813256515366,0.22117386759581867,0.21595655806182093,0.05654143806554786,0.04371683812435166,
2003-08-29,-0.006911550187368677,0.002525252525252486,-0.002799519015513008,0.008045549921314921,0.006101699320733771,,0.0018260869565216887,0.0034482758620689503,-0.0014255561511659076,0.00516658895514821
2003-09-30,0.11348898193669436,0.12377136092840178,0.071988818240282,0.21527064141595212,0.10812025752806616,0.17951571556105864,,0.22030118819589592,,0.07865243934187238
2003-10-31,-0.09817509475924235,-0.053013301360492454,-0.0841099703613899,-0.05861053452438688,-0.10858635978874816,-0.11854103343465039,-0.138442302354679,0.0714971238971677,-0.08228144710576854,
2003-11-20,0.0,,,0.0,0.0,,0.0,0.0,0.0,0.0
2003-11-28,0.03731127082288702,0.07497231251248376,0.03837718950733512,0.09435517099299551,0.07437753300429356,0.06194904484295882,0.019999999999999907,0.10521380345086284,0.07345972856106837,0.06840634869220175
2003-12-31,-0.002147024204047221,-0.015254116085416667,0.013232295405114095,-0.02825957620176861,-0.11948703827264869,-0.10040838068181795,-0.06362646414299007,-0.06945845528522687,-0.07796826509414326,0.08873382401216334
2004-01-30,0.07492375585783317,0.1475282591807623,0.028701368238251423,0.16933581831917888,0.07172644355040009,0.013067550037064501,0.03644604197559753,,0.03510880239073089,
2004-02-27,-0.01636966432863779,-0.004712119949648115,-0.003331308453589488,-0.0070400775233766715,0.018188458178970524,-0.002900925194175143,-0.01367184970910501,-0.002207505518763808,-0.005604001099328959,0.020939675978583483
2004-03-31,-0.09622835456933557,-0.022791493373125953,-0.10475808757242853,-0.06617834606104189,-0.08684672570461276,-0.056572298669072874,-0.13219411928651062,-0.07265716501965366,-0.14303577236204185,
2004-04-30,-0.013412462048215446,-0.03960242226029773,0.03785420941099582,-0.054563734354858354,-0.04873152356035517,-0.07939920257912517,-0.051739518287243325,-0.05373077995596178,-0.031108550682108826,-0.04905935488439392
2004-05-31,0.023150062605239108,0.02479533177925728,0.04556998235549011,-0.0012086410690482403,0.05773445960580448,-0.025303186068013184,0.013767204121442408,0.059401855995592355,0.11286288474932325,0.06172114569061101
2004-06-30,0.03067429801676123,0.04860727677509861,0.1171923483742225,0.06311983159066176,0.11921660032125159,0.17368950880239012,0.05019790938559863,,0.09335201176936093,
2004-07-30,0.017118607401877903,0.03387113063047337,0.036829387948584535,0.059344414864664595,0.07547949478327971,0.057710727969348806,0.08513703963945041,0.1017685653039349,0.059916972816006095,
2004-08-31,0.0633271429316986,0.047453499943529286,0.06752384624224192,0.06669394886855949,0.1243519366365354,0.019835788827501366,0.10184939901149008,0.14718516811656546,0.07141856652069561,0.029393074042115684
2004-09-30,0.021277735466891115,0.009840282626766205,0.021917933848072745,0.03339288485537183,0.022522522522522626,0.05919751889901124,0.15163228785898436,,0.12281497429196998,
2004-10-28,-0.017647058823529405,2.7448397013666675e-05,0.012570430471039007,-0.009958759403795064,,-0.00976193987252505,0.33333333333333326,0.006785592352338665,-0.008849557522123686,-0.011111111111111127
2004-10-29,0.018591049721255165,-0.03316239316239322,0.026921952645425407,-0.07167104298251847,0.0021030806273236355,-0.023026874115982993,0.028277017477366034,0.12432066591287239,-0.00035707571166272115,
2004-11-30,0.06120582341293742,0.08436567193640927,0.08691518169966371,,0.13428641959542345,0.05807649605081916,0.03910286593213402,-0.05135249052361546,0.024901129354959122,
2004-12-29,0.01948051948051943,0.01221395397623648,,-0.010638297872340385,,,0.0,0.053763440860215006,,0.0
2004-12-31,0.07123631097103403,0.3541086646736801,,0.11714111673293007,0.1737927565392355,0.021033311415454503,0.10214815826564064,0.17126623376623362,0.04861506197955281,0.11870459114938266
2005-01-31,0.08652436875663135,0.021508140823195427,-0.019764546639935113,-0.015634498428015415,0.0062412729405107335,0.03803566997240709,-0.010349586453150409,0.010825188405596153,0.12894673714860677,0.021425202102102525
2005-02-28,-0.14432809446389805,-0.07065732997418217,-0.05708414795838117,-0.10949134292069322,-0.06551084070907583,-0.12734032175193016,0.04063410548390525,0.02441385604216666,-0.02192141969229998,
2005-03-31,-0.047964832706037144,-0.09078883707397767,-0.034579182867328105,-0.12068503470346528,-0.09814404141679184,-0.13153755996147232,-0.08855709507883425,-0.10283573367898595,-0.0673993043659618,-0.0974109787022129
2005-04-29,0.046348454460508615,0.03130903629735108,0.18620037791995311,0.05027516761010705,0.18750936238888913,,0.04883819663331451,0.2636663621479915,0.0771178003779288,0.06189986393641737
2005-05-31,0.06299953005585153,0.052950185949136475,0.0441821547559331,0.16902532114874097,0.11473806323696559,0.07288570246912397,0.08989173010858176,0.04970664124631012,0.050919622973135126,0.05974231395907905
2005-06-30,0.06835078386358999,0.10716974669859784,-0.0031199513190041995,0.08926501327519878,0.14739910856317415,0.06602941098951731,0.11955962296036726,0.1588029639710532,0.017170790773510025,0.1921625370785359
2005-07-29,0.18533995725049834,0.045463967541003424,0.01628969283782074,0.014324953660289963,0.04633679984720758,-0.02435756436464001,0.008617763494378983,-0.015212768097142271,0.051554881852463735,0.020778948857830826
2005-08-31,-0.022293316143019232,0.07552991733864198,0.019919043909563273,-0.022927447314334493,0.11591504854591243,0.1829662919016425,,0.055102559412109786,0.09370791667109746,0.1383179812754683
2005-09-30,-0.046273896208310905,-0.01919726160366118,-0.027018888072425626,-0.06553946112852349,-0.041189194058255524,-0.024209991378529444,0.08156718384632389,0.016414395568098112,-0.06339423821705477,
2005-10-31,0.1707852717866378,0.13980754517510122,0.09281310663807693,0.12309812258121378,0.06732176472792524,,0.17908309721746662,0.1789575582029601,0.15861722658072855,0.16230498618500291
2005-11-30,0.07456714757143727,0.0068666477932282826,0.11958509402840449,0.14366383991718235,0.08618850052338689,0.10010966590566753,0.06591062016188214,0.07755273283102147,0.09214669620173443,
2005-12-30,0.04224847833870382,,,-0.008985673352435497,,,,,,
2005-12-31,0.05937078944376972,0.01953024852168887,0.08372276050451732,0.15883040688653283,0.17252323701282174,0.17950834709227625,0.2309648585616358,0.1572899812128552,0.07296768040176838,
2006-01-31,0.08816638678575546,0.12745310523199146,,0.15398371709089886,0.12265178366166307,0.05278785037780964,0.11764399027548249,0.053633945708644416,0.13438989839144344,0.10491162191532748
2006-02-28,-0.10788118894637388,-0.07619986868376813,-0.054567767325742325,-0.07969683933921452,0.03080962040089315,-0.05359340742344896,-0.12582666616016516,0.1369915418116996,-0.09252689239028805,-0.03367360434740698
2006-03-31,0.17346434629377028,0.04419326619686685,-0.01910793569650171,0.040262916851704744,-0.031512015178416064,-0.013716668981521485,0.04901947600306374,-0.024493309803075004,-0.031705421341120865,0.014595645591840367
2006-04-28,-0.1447096865076187,-0.1471912448265775,-0.08395705309460053,0.01632879110807675,-0.07543510489042926,-0.1422414817515881,-0.06929943822392554,-0.13486808041692722,-0.21890987483520735,-0.1318684304294157
2006-05-31,-0.09817611407039092,-0.12348216897187025,0.00570105820105804,-0.09892952109306521,-0.02790763612366846,-0.024917759694483732,-0.15401125967628415,-0.1556326037591924,-0.10917937308338344,-0.11443043750899973
2006-06-30,-0.01607314387195172,0.06973028792093107,-0.002258448589139561,0.0597485406680725,-0.053181691129909246,0.032402881677424084,0.038217558763991244,-0.012173150672609245,-0.0840277777777777,0.09264571610663026
2006-07-31,0.09125416561140341,0.06482517497330527,,0.03087788919398706,0.17373160977436178,-0.006787653158810992,0.05074689340756892,0.08634323616572852,0.03181906967436792,0.03975636060145164
2006-08-31,-0.0014950930026879877,0.009101366259259074,-0.05127551834133881,0.05386301527979137,-0.023798362906147136,-0.027817418305693592,0.019387751078837168,0.15756250661771237,0.004413492789465079,0.02944974095249107
2006-09-29,-0.004059539918809252,,,,,,,,,0.0059880239520957446
2006-09-30,0.0998306867785707,0.09852212652204587,0.14803341816324775,0.08898303868465833,0.14311618669199697,0.11423369145173179,0.07379198743068895,0.05976110436494386,0.08708126384190754,0.07537439230011037
2006-10-31,-0.02314202013398629,-0.03697486882582764,-0.051071654008203904,-0.0028425610977127203,-0.04688558233751968,-0.03431972619591282,-0.00105576368122548,-0.03676134502219016,-0.08820496638632258,
2006-11-30,-0.005839415550984566,-0.009407324799662775,0.003252220486857649,-0.04302449472834735,0.0340726933643678,-0.005126037562771191,0.04597012520353908,-0.0208780976083008,-0.001309901309437632,0.010527341641283364
2006-12-29,0.0,,,,,,,,,0.0
2006-12-31,0.06653827665126666,0.0799880713054335,0.05732723532367212,0.06698984599809582,0.1313152784904602,0.048295352173183426,0.15306442883065446,0.06760522461545275,0.08665926450224386,0.0890691233319033
2007-01-31,-0.011472181264128424,-0.08151741036030935,0.04946280926407707,-0.07151562640584921,-0.061873797273176045,-0.045548889713829276,-0.12138054373636402,-0.03030303030302972,-0.004291238405775721,-0.01095859816824618
2007-02-28,0.06179542686984228,0.04565295355139709,0.10985098893747745,0.07242291981976741,0.15714753972760442,0.11135254630846507,0.10877418372191765,0.11848592499270313,0.07579044334235478,0.07117936134390113
2007-03-30,0.008215962441314506,,,,,,,,,-0.010101010101010055
2007-03-31,-0.008384776858572501,-0.008998622507037238,0.020417149531986662,-0.015904915714363605,-0.017685258117017738,-0.04448952747068935,-0.1422155688622755,0.0016686883101674026,-0.045741848748211314,-0.03700878937074141
2007-04-30,0.0559392528995221,0.03771551589279274,0.1289171743434824,0.27034712810682415,0.22230514283845867,0.10821482674354052,0.03696114973781017,0.06734695268088921,0.07270810284289886,
2007-05-31,-0.0015083137653063756,0.011721055030063265,0.01222504755513161,-0.006822185569405531,-0.01937560644617904,-0.001840990319136454,0.08670996628451899,0.0007123379885049281,0.00287137684993947,0.05795931151288682
2007-06-29,-0.008149010477299212,,,,,,,,,-0.004444444444444473
2007-06-30,0.19262999344723938,0.13788341904962548,0.03877477289062413,0.07586953605044067,-0.0038590801523131213,0.06660557440688138,0.029102891456846875,0.04192331963337539,0.07092142377379058,0.06098281542116052
2007-07-31,0.024040939887710125,-0.047456690195019545,,-0.01139644555879253,-0.03312792612938805,-0.05056701693532065,-0.025693565043247085,-0.022494491667500328,-0.024111406821199475,
2007-08-31,-0.04651841766591602,0.08069978575242187,0.060319509176799145,0.013492497391974268,0.0036299803020567933,,0.003923554380119136,0.10981723186530153,0.07816268594949327,0.030759420272654308
2007-09-28,0.00932642487046631,,,,,,,,,0.0
2007-09-30,-0.060065260494555024,0.05544475225674472,-0.05419646585481682,-0.026204337504465602,0.19599427753934173,0.022043371970870744,0.005034377156454745,-0.02278586158256864,0.009156511940375214,0.008090003417052506
2007-10-31,-0.04539505332131143,-0.003972174123040684,-0.03705164473367625,-0.07253426116224598,,-0.007134779858924681,0.022618479337850994,-0.07923264751909866,-0.08998912508027838,-0.026379385709058085
2007-11-30,-0.027099353900031542,-0.010038138354753368,0.042149103123231356,,0.055442408839356944,0.02355850305311639,-0.004090791385179227,0.02148157225282395,0.050727646681918134,
2007-12-31,-0.2165635747850864,-0.22077509733622952,-0.20954787147612258,,-0.15200098106724466,-0.04429857566623054,-0.12687393291426893,-0.09725418477537368,-0.21367843362938488,-0.11089151886444287
2008-01-31,-0.06502579773044916,-0.019929262264720707,,0.032423294715226585,-0.10210994575648173,-0.01463084494176149,-0.03236562707365637,0.022051787040356326,0.013045555765431788,0.07295633251753202
2008-02-29,-0.054117507795657216,-0.047515233748769224,-0.1370945462263992,-0.10455037919826682,-0.0021929178085479117,0.07285428919591305,-0.03341729581452916,0.01244179025364267,-0.08742042032069285,
2008-03-31,0.06432564146355198,0.09344513924822348,0.08694009334912906,0.08986142321269022,0.05541479749288039,0.015485835934029791,0.0700602928875238,0.13525538755991545,0.10564866919099,0.10261531201099933
2008-04-30,-0.10646146939467284,-0.02845197518477978,-0.024562578838852378,0.10900187074414151,-0.03925689115653623,0.05388042329295484,-0.12730851825340006,-0.013009787743966827,0.04117292316412513,-0.04384282004386666
2008-05-30,0.008230555515859966,-0.0025029279707627916,-0.021480430035334452,0.016735834013640566,-0.006355271072936519,0.0015489309491989272,-0.0017016639945639635,-0.00656295576081678,0.00972758884766839,0.001622369271494432
2008-05-31,0.1816488122962272,,,,,,,,,0.2583025830258301
2008-06-30,0.33688288514026016,0.27574604655351936,0.22141055427197648,0.17213624367230185,0.31265454727138686,0.12946048732201926,0.048663062281277036,0.1212778689871161,0.1997540354820804,0.1961685468630967
2008-07-31,0.011325435259099348,0.021733220608475996,0.010683214660512008,-0.07358909203519313,-0.002137922802020145,-0.008920719494461604,-0.018251430160496046,-0.021595699246744576,-0.07629224419862082,
2008-08-29,0.002377650667822732,-0.0034772322449325957,-0.03236062826572789,-0.020152895796510053,-0.009335522136129204,-0.015799089429526746,-0.01594155841081708,-0.01605990617966785,-0.005609696792779051,-0.009597556755649106
2008-08-31,0.054374346462181755,,,,,,,,,0.15206185567010322
2008-09-30,-0.266603690230867,-0.33836239723911593,-0.16590301042707892,-0.3021393394447367,-0.3155486175340263,-0.20376492194674017,-0.20633251925629642,-0.2850013017158863,-0.21755608753058486,-0.243682901036695
2008-10-31,-0.06456886028685792,-0.09070684945154583,-0.11549868110387589,-0.09964694080503105,-0.08980102160024796,,-0.0571289497140976,-0.04903048919168784,-0.2537240816053623,-0.16177973567627024
2008-11-28,-0.04592462201057527,-0.06170987508878293,-0.03724273810077298,-0.054323540063588624,,-0.07152468429572652,-0.03556475652529267,-0.042455906880987625,-0.02860679957073429,-0.041167893729606574
2008-11-30,-0.0055865921787715545,,,,,,,,,0.034591194968552896
2008-12-31,-0.032207051244291164,0.040764568507586564,-0.04778066889140696,-0.12516141731594638,-0.04760165575699346,-0.02413716759832076,-0.029442926721130858,-0.02289972225133628,-0.08965408802528514,-0.052994458920737175
2009-01-30,0.06860607660248419,-0.01191082477246741,-0.017285542877108845,0.023471939355312933,0.022090417451577887,0.035583061161696704,-0.003957244453461731,0.007303566154714096,,
2009-02-27,-0.03737990747875045,-0.015040933735341822,-0.006133160869206696,-0.020307186899632245,-0.011684653534385258,-0.008662474537060993,0.013586781068885195,-0.008701241402493306,-0.022731055180956194,0.010715593769253148
2009-02-28,0.13830508474576364,,,,,,,,,0.015723270440251236
2009-03-31,0.3138335679016587,0.38601504513337564,,0.21380728674588043,0.27018899684577424,0.2739867659222497,0.1314714269090416,0.21853743947793713,0.2141443329470662,
2009-04-30,0.11827196478051004,0.15543919590382063,0.20581232092307622,0.14540965935096586,0.13679047203289052,0.10492316976720525,0.07723458502441438,0.09449389242284356,0.15733692768284296,
2009-05-29,0.025624276926507344,0.02951195537029702,0.0313790619862212,0.0343961279093769,0.03404340054323498,0.03706980171470562,0.03141074972029164,0.009003018084236758,0.031010595089101443,0.026049216094190752
2009-05-31,0.0,,,,,,,,,-0.024861878453038777
2009-06-30,0.04753539563239904,0.13580293301730764,,0.29222672281522,0.14098225140710463,0.2235450909891078,0.0680873269574236,0.09017457309866658,0.14730157750170506,0.0568926978921116
2009-07-31,0.05141838183643624,0.08423398658262803,0.15488443193784426,0.05436976101077364,0.04294875626835506,0.15604474358997195,0.11497588475155862,0.15936367728312267,0.1066629674793754,
2009-08-31,0.06632967155247173,0.04594956965123225,0.06861788215025644,0.02530908564607104,-0.02653741421459055,0.058281898268299055,0.06890739324671757,0.031811646470528365,,
2009-09-30,-0.03369815161044025,0.001342756760598085,-0.033990205856858365,-0.02546831267884157,-0.016289933602344098,-0.038551023417734386,-0.001038513884716541,-0.016047708045303772,-0.01317886645457772,-0.06720192152025384
2009-10-30,-0.02170135454848245,-0.03784502843999671,,-0.03081650771395598,0.046450910194325255,-0.0025854283824508126,0.05749829224538583,0.0750171303034148,-0.03478762476513794,
2009-11-26,0.0,0.0,0.020270270270270396,0.0275014628437682,,0.02872235061076278,-0.009242144177449174,0.008358408559010266,0.020328381548084362,0.03298429319371743
2009-11-30,0.15306984408088656,0.15339816397133857,0.1520878140207823,0.19855420561683176,0.1611316655914402,0.14197761616776272,0.1465218807880772,,0.18211673707379192,
2009-12-31,0.06059809314999683,0.0817655021851719,0.11773468059306225,0.08462678663901371,0.183380085945192,0.05842659524195012,0.10094201732745633,0.13400603222457358,0.0916403110161228,
2010-01-29,-0.021310320947651423,-0.116024875331601,-0.11718718456500092,-0.11274727744603534,-0.1098330967746996,-0.23329435323681158,-0.1469075917572455,-0.05653888989455106,-0.10474296095641411,
2010-02-26,0.09583606230946391,0.03412916695247396,0.031670840168056436,0.03119856306242541,0.04300231130857196,0.044392486924143736,0.044236579063120285,0.021622348644566358,0.017274074443920862,
2010-02-28,-0.030932817786369915,,,,,,,,,-0.12914485165794054
2010-03-31,0.02417557288409753,0.09812253061787513,0.031152625013279027,0.06689731265615438,0.08411258030795597,0.016973839721224904,0.035555786617046926,,0.09683147634561848,
2010-04-30,-0.10249188832071933,-0.06480755709499726,-0.10369650592789063,-0.044070463009822515,-0.11264028719503923,-0.11664089142277688,-0.06656088164445247,-0.06306005754347956,-0.041400782013137405,
2010-05-31,0.009826283242008611,-0.026109821932441754,-0.0005139911302151412,0.022164140390376397,-0.045831433403511763,0.0003987495129160745,-0.005942172595759735,0.09319397118004269,0.04301466997052434,
2010-06-30,0.03402458752856018,0.08483749097061855,0.10564843838532899,0.11948756820117741,0.06156201631188311,0.07904032165008339,0.11123598914494985,0.07121139039035093,0.08598043898472264,0.04818315151664271
2010-07-30,0.03411521249466602,-0.005845617446057561,0.014063124360359027,0.035966179682194926,0.0649761826672319,-0.010698006790079071,0.10513218571674961,0.05465083491320818,0.013413186998655947,
2010-08-31,0.1185361256057779,0.058779079903973325,0.10333774061556182,0.10394204964657297,0.09462889241964492,0.1065526444521521,0.08620847234658642,0.03700588403000452,0.06612980656039069,
2010-09-30,0.0676653951864899,0.04204119478488699,0.042304069911943326,0.028846171391961016,0.11058376969553481,0.01620180319405325,0.09061582807382296,0.040661169096600745,0.04642310994890134,0.019449078883683257
2010-10-31,-0.04718823745306413,-0.00789795489905641,-0.013576521857696922,-0.03114640313728893,-0.05519923350921224,0.050283516058358534,-0.005158148303309518,0.004364833409538231,-0.05497510289468035,0.015916667211438546
2010-11-30,0.04057864912741334,0.027404417674463905,0.06305827324361682,0.021144913218191848,0.04649562340140898,0.1306931658408444,0.11393217346459698,0.02442762680553595,-0.01378407722359474,0.02996063630236661
2010-12-31,-0.09280323234206558,0.01630773843096153,-0.029126248487799433,0.016305140734106265,-0.02717185463480491,0.048929794520547853,0.09000347461151126,0.010092049965789773,0.02724785187265749,
2011-01-31,-0.11304193193740884,-0.08609459897452433,-0.08768539215828634,-0.08298277329036453,0.12359177713638647,-0.09821245663352104,-0.09176661669165426,-0.0563524765165687,-0.0895963300961804,
2011-02-28,0.19934248920296152,0.13689702259691017,0.14149359115896626,0.15989045233578184,0.1104035501395706,0.10992003651397533,0.16176228304396495,0.07001759096224199,0.10874092106212511,0.1822082389318974
2011-03-31,0.0467278523904201,-0.007942474502641536,0.11181485983892837,0.07041360414011426,0.1083935603549686,0.0936983400998433,0.16091367560060227,0.1018920184361792,0.09669707935634768,
2011-04-29,-0.11905583666508167,-0.014165358206355394,-0.09624098767351841,-0.004437737878500392,-0.04871692076940071,-0.025426696046770662,-0.017341963231573554,-0.10542005364551585,-0.049929961831038185,-0.024735429522063708
2011-05-31,-0.02584280451077849,0.0045329366810228046,-0.006699173043236288,-0.09216867824794486,0.018881636047494377,-0.011922063570661324,0.014065849260767871,0.0005665249155112351,-0.011449323947262995,-0.0015731674997658182
2011-06-30,-0.09666147850201381,-0.015326203092548618,-0.0950464483494951,0.005467618262235185,0.03160435507072492,-0.032246822607585435,-0.015747052452043154,-0.03376591369520781,-0.024310297080253705,
2011-07-31,-0.20628714291858505,-0.1739441877779791,-0.14250970910789984,-0.16279909568550618,-0.08107668250636466,-0.15874821600005642,-0.1710752311863321,-0.09720087063222417,-0.1274963807789055,
2011-08-29,0.0,0.0,0.0,0.0,,0.0,0.0,0.0,0.0,
2011-08-31,0.0705972596477349,0.12068415431715201,0.06011676380844352,0.030384184629739408,0.0473041357066305,0.1981908335559779,0.07710741706402524,0.061603787777227706,0.09820830008820552,
2011-09-30,-0.07351618438115663,-0.057717937643404695,-0.10892557858095675,-0.005796757324847727,0.011002678428827295,0.0015858143053188683,-0.05834395821773003,-0.040392693255588495,-0.07651846006775273,-0.017193802832342033
2011-10-31,-0.10105862634004921,-0.03470424471884816,-0.07314957063126681,-0.04686086421235991,-0.06563979751728113,0.01180247753225662,-0.08148946776450539,-0.05215592820293481,-0.056777260337260015,0.02951963060794094
2011-11-30,-0.10491930677848635,-0.04714552014437913,-0.027743177656855002,-0.0694855044821669,-0.04540318125768864,-0.06751245727165883,-0.005514158849259793,-0.10817298326080686,-0.031844037209386,-0.009079657826123712
2011-12-30,0.0,,,,,,,,,0.0
2011-12-31,0.16939580093171033,0.10532180479116904,0.17466282318399212,0.14136840599706982,0.08312762633260135,0.1495891939340987,0.28361268961175246,0.1011800658994777,0.16087391219790972,
2012-01-31,0.07507160526358946,0.04602624120570661,0.05211502385930109,0.04528939456402278,0.06307121125609795,0.060162754659696116,0.005086797141241189,0.062353049791325124,0.0428742931797513,
2012-02-29,0.09158267352158818,0.08250441212712305,0.05208145197790461,-0.017404659504539777,0.041241625685645884,,0.04641298128634043,0.04017585480175736,0.06486356419676505,0.0297563012208339
2012-03-30,0.0,,,,,,,,,0.0
2012-03-31,-0.09993491438026174,-0.03641992197414371,0.007004298155911841,-0.01976657428384902,-0.014006396324841491,0.035338237175988406,0.03730704250076808,-0.0231941030532483,-0.009868384617794778,0.09227593896310513
2012-04-30,-0.11136902560246169,-0.09989771400123795,-0.07096204474310679,-0.021969193058805223,-0.06345974169774424,-0.07094578523927006,-0.09117167458685445,-0.11251936435388014,-0.06915670885645152,-0.07344587391373267
2012-05-31,0.12279347863853024,0.12714569736066297,0.091857123262071,0.15723108449771822,0.11562094313105795,0.08438656791754079,0.07657398515803945,0.1243660603609979,0.10875146982586177,0.07977657227401003
2012-06-29,0.0,,,,,,,,,0.0
2012-06-30,0.05006409743683776,0.035937224746555405,0.03304975359179846,0.05494473099674224,0.07349024316429448,0.04584743543894989,0.028347898408256245,0.022701632838551995,0.03078521395195424,0.028141696964351925
2012-07-31,0.0428803023253269,0.037024134290327616,-0.012738414450662325,0.05034195673719803,0.04830596757407416,0.0010057152408271726,0.0470257588260464,0.03874901034859455,0.06357604961004701,
2012-08-31,-0.06022538887649044,-0.01069727266874037,-0.03309992412209501,-0.09108653924448666,-0.013579101883916155,0.008837828242539425,0.01008671125145979,0.005006892361449641,-0.01420846470972661,0.0016178816754860992
2012-09-30,0.01972985582384127,0.07773396917028555,0.053343039186399155,0.09109857555922196,0.027493335867173445,0.04792560567918278,0.09009009009008939,0.04846190803504317,0.03620595859710261,0.03984234073986337
2012-10-31,0.0015745303507518843,-0.00429791246218406,0.008252139479502957,0.0008153750252797964,0.014892434932628096,0.0450527190252812,0.0020731085869737154,0.09860065601747288,0.012553818177715748,0.04977286189598131
2012-11-30,0.02125612443257159,0.08067364344610281,0.10439260095056498,0.09954426726578613,0.091940239082142,0.08371644064846996,0.024456668163448714,0.03926141529390602,0.09836755218388496,0.15098208551398687
2012-12-31,0.030574812855482702,0.05689332121828472,0.038882281920447334,0.1290724763026747,0.03711495461929541,0.051420405594342675,0.05437544409611772,-0.027561262793048623,0.02929770338218415,
2013-01-31,-0.020983886947619834,-0.034577616380512044,-0.0025168219461699226,0.026513767617531547,0.08326863325133137,0.017074309929494515,0.034768266027423556,0.006198530623115461,-0.011995579899747264,0.053295815208864394
2013-02-28,0.044199321632618006,0.0858219745557507,0.06255508028486538,0.07914755007326152,0.051223847303051726,0.07736059157170753,0.08998806173206134,0.12696582785723107,0.04920185422349519,
2013-03-31,0.0006041760619805357,0.017117198409593703,-0.005458503335164437,0.05098422800728391,-0.009211651554947816,-0.017745841937240214,0.022200776363828292,-0.004230456834094801,-0.06750357969870151,0.0144439953098352
2013-04-30,-0.03501591073387008,-0.016763370703904656,-0.04182737987131877,0.008852604820055666,0.015394072151235625,-0.034164302620627335,0.0823751705759661,0.04347241767681948,0.05072960060403022,
2013-05-31,-0.11781394281485216,-0.14755128073132598,-0.08168006006559698,-0.1069155276696109,,-0.07489344168045954,-0.0934639336899642,-0.07663310197191804,-0.10583223027369054,-0.07481072601006389
2013-06-30,-0.04293834954377257,-0.03738256665364259,0.010843329228999055,-0.04626945331971716,-0.027171259098901335,0.07465493257598615,-0.047324913355957676,-0.04206285790275461,-0.05894565688712784,0.08501354583759439
2013-07-31,-0.1217979920782319,-0.1094843863910496,-0.16520873327851288,,-0.12567132962270583,-0.026332765263106378,-0.08659201300690166,-0.04489999128994989,-0.10369023772140377,-0.11021806473135667
2013-08-29,0.0,0.0,,0.0,,0.0,0.0,,0.0,
2013-08-30,0.0,0.0,0.0,0.0,0.0,0.0,0.0,0.0,0.0,0.0
2013-08-31,0.4365152919369779,,,,,,,,,0.13909774436090228
2013-09-30,0.015269060857157164,-0.001434425340092502,0.07321449629134952,0.05662095682346768,0.07035196447875802,0.02661457494338665,0.0596844003886717,0.029328801673395626,0.04506096174715143,
2013-10-31,-0.004139994751904059,0.012390611064963853,-0.028553115409466923,-0.03730982376148247,0.015033142297798164,-0.07378920784977044,-0.03485611915311218,0.02901492277738893,-0.008615388311653177,-0.023685625372569612
2013-11-29,0.0,0.0,0.0,0.0,0.0,0.0,0.0,0.0,0.0,0.0
2013-11-30,,,,,,,,,,
2013-12-31,-0.06476323369554393,-0.06955681997616087,-0.029291410803473892,-0.016916181316446677,-0.09168861843329898,-0.0552997886187416,-0.07868423737112663,0.0077822229210277516,-0.00856611915752108,-0.08272204541071389
2014-01-31,0.008745834831038232,0.05260561681773872,0.009811738897453444,0.0342971034036422,0.06470667530989926,0.08633232957790853,0.032270952152793186,0.04780956258906319,0.05076490712720709,-0.0034968517434650665
2014-02-28,0.16341963869489531,0.15513268379487322,0.037569396607690285,0.07148335833158431,0.05349180222490419,,0.028402695920155964,2.2671656645489868e-05,0.12064700503379717,0.1059683472978327
2014-03-31,0.0027841623207274678,0.025082097767746003,0.057217071562705744,0.08122140468965564,0.1563279733676662,0.05036973922731644,0.11012646918304503,0.09083858335179291,0.19800594652243278,
2014-04-30,0.049050854222428907,0.0732905173833089,0.05507691308025079,0.014846601914008505,0.10160538151253837,0.00700682036187858,0.06242423980526002,0.05003113398710572,0.09159606450313967,0.05235084975957902
2014-05-30,0.0,0.0,0.0,0.0,0.0,0.0,0.0,0.0,0.0,
2014-05-31,0.11906400550584961,,,,,,,,,-0.030172413793103536
2014-06-30,0.02518009595216246,0.012984749579898418,0.029747686434747747,0.0687491330167057,0.007248082548911665,0.09819467752538323,0.055786549808778695,0.14731132747333964,0.009266867784228,
2014-07-31,-0.01081934074665486,0.024337690855087506,-0.0018236908725197778,,-0.011129151808579282,-0.060840707964601504,0.0018398244297183064,0.005502110761357283,-0.014009882297314799,0.0024985778820911984
2014-08-29,-0.005319148936170248,,,,,,,,,0.003823726221202417
2014-08-31,-0.04754169730960062,-0.09523215068119074,-0.06132304639458595,-0.05256828194131208,-0.052715189315272915,0.06597094471193139,-0.05611733104105843,-0.09296619135072065,-0.10705977375506814,-0.03977402158762348
2014-09-30,0.06468093750842131,0.13344791664311945,0.0744999002942807,0.05518880110179425,0.05206074508868645,0.029910249548352048,0.04281719315208508,0.0907784125752886,0.05267704977338622,0.09505350216698646
2014-10-31,0.02097757710008723,0.03917383302343918,0.06925030023241924,0.02117028844095299,0.11550332802470575,0.016483403699047217,0.005151379334054502,0.02523864025969184,0.05287884080453716,0.0840401072260346
2014-11-28,0.010928961748633892,,,,,,,,,-0.016334308854556556
2014-11-30,0.025400315855604632,-0.006066600578756505,-0.012510517243272078,0.06718714885178252,0.02731203236465196,-0.014673660713188517,0.026029902822877204,0.0021119171750325627,0.017681177585943602,0.057606222431260755
2014-12-31,0.006851219574715992,0.015963324825499836,-0.007922248796149934,0.10662858651574553,,0.07244077543856008,0.019589880494682122,0.000378250997709384,-0.012999158712859643,0.1353902752512777
2015-01-30,0.014407961214854215,-0.03706836798659671,-0.0352127889392958,0.004543981418726546,0.05519403545989704,-0.007914833672287135,-0.04427178192719787,0.007649193397490166,-0.04057413406098071,
2015-02-27,0.0,0.0,0.0,0.0,0.0,0.0,0.0,0.0,0.0,0.0
2015-02-28,-0.2072159921989274,,,,,,,,,-0.072072072072072
2015-03-31,0.07926676124695498,0.04142511813051061,0.08594526321748136,0.058280475790843646,0.05025257963705765,0.07563136373193753,0.16989392136802647,0.00035549353454614185,0.04079760915699066,
2015-04-30,-0.0017997194521904153,-0.0004036527701656177,-0.019719366410826736,0.0284349808384593,-0.02895175074754175,-0.011953198771502102,0.027996021683743322,-0.049203059843367626,-0.025615749259567527,-0.008819838046756068
2015-05-31,-0.006137674729027778,-0.006053217864012583,0.008525707365370339,0.0036364573425936436,0.03152114746857253,0.024339786664203982,0.10575041710741033,0.0007728595186803355,-0.005361950390589991,0.09582283733455965
2015-06-30,0.027435212548908936,-0.017899262873209604,-0.03619916849941992,-0.0245959088172772,-0.005579147188721164,-0.03821590909090927,-0.012816322028177438,-0.01215993108443079,-0.029475605195377196,0.03437079198539411
2015-07-31,-0.08724944027604524,-0.10174293421090742,-0.14424040182495046,-0.09940138901838877,-0.05615347857073847,-0.09619566165306248,-0.05913442119621395,-0.09049840378274068,-0.09423459057691388,
2015-08-31,-0.021298535002078203,-0.010259876604938573,0.019765342283249235,0.04255811413411583,0.03975362104646992,0.02865218928779665,-0.040763885138287034,0.01884616664515269,0.011744178674830963,-0.0006642377455279477
2015-09-30,0.0046544965115628955,0.06720823451529444,0.1302144285437843,0.06265146662387025,0.06362277140557974,0.04911398907612977,-0.03637462112866591,0.020983403156304186,0.05508396441179968,0.09514302416856617
2015-10-30,0.02206449594554938,-0.007366996499789644,-0.038012405723166706,-0.01920038478990414,-0.12862479990210382,-0.013555669198484036,-0.009998032075214769,0.017729519868884214,-0.003457235235551992,0.012388259220984457
2015-11-30,0.0187491051690226,-0.06572647437243952,0.021367401608824697,-0.02516190788940335,-0.04366802321794378,-0.04467690125933202,-0.03625903226383485,-0.017187391926791397,-0.0647291687294616,-0.04555768200769028
2015-12-31,-0.01972253878554698,0.1220450034014668,-0.004984342473351486,-0.0011252278125330139,-0.004450944707382712,-0.01584554916185911,0.02917954196868757,0.024843377226994274,,
2016-01-31,0.021124827311999734,0.00882545984214704,0.011203514675853232,0.040380239514646116,0.06102892968244063,0.030810784224770682,0.056290974973489165,0.05857252830197129,-0.02104728972580832,0.013725095567474744
2016-02-29,0.036812953281274416,0.07980879202024971,0.08473638579836881,0.08768666038030055,0.061180296860670724,0.10443717986619888,0.10601690491543221,0.058086513692016846,0.09706052851095887,0.11188325442556735
2016-03-31,0.055286741925465024,0.06793297823569985,0.008720063175612342,0.03796794985953145,0.025040543069787313,0.052137566542130864,0.04106987552689505,0.03483211843854883,0.07535928859376978,
2016-04-29,-0.09296283004138539,-0.05814453871174809,-0.12264601084020874,-0.07008733269589149,0.0013553686588793554,-0.06674940384414241,-0.05294355189151617,-0.019937584102700568,-0.15063822831048185,
2016-05-31,-0.014129361693865741,-0.03604534541861868,0.01395071539366552,0.006319340132289575,-0.025482968219256566,0.06805312332347198,0.013463526994167621,-0.016876224520238133,0.029713364267865163,
2016-06-30,-0.03564822188213593,-0.045955148643918274,-0.010643407159205254,0.02769994534537501,-0.12918985588981055,0.004971878526936546,0.040377641040243537,0.00374264560320553,-0.045914647986633604,
2016-07-31,0.001890703656031903,0.017275732812578826,0.02072837007258481,-0.004022026506141178,0.07381187277466114,0.08870199863917239,-0.046711980754447005,-0.02982240947662877,0.007283691503593306,
2016-08-31,0.06652968627803187,0.01697099647524493,0.014192410478972099,,-0.021044958347503466,0.016606908887992877,0.03251911551743876,0.27641574388334644,-0.007288643024206199,0.064435599553644
2016-09-30,-0.006435307649664427,0.001509780164277805,0.0140842165338219,-0.032168055309151455,-0.018746531682618018,0.025257206188163836,-0.007560135408888817,0.13789698065937994,0.015965925047218207,0.03413791945462349
2016-10-31,-0.060379477199234054,-0.0730912426043915,-0.06664631737766619,-0.08235671316447968,-0.07089262464888534,-0.03893836210894758,-0.012627100674368927,-0.056562757606178016,,
2016-11-30,0.10531968457360066,0.05812698263312205,0.062126200728060445,0.07714836220955293,0.12767122494028396,0.13484947052197227,0.08058435968164963,0.12079271153303388,0.09817088725655083,0.06271217614414797
2016-12-30,,,,,,,,,,
2016-12-31,0.06185801176198344,0.11428122216060821,0.12445965865805735,0.052282228618129256,0.09353039811441863,0.10938589303917574,0.07488499398749929,0.1157841021741901,0.21801766864890423,
2017-01-31,0.026222008304616518,0.032660033943386936,-0.003235305579475995,0.0397710834912971,,0.019283216568006672,0.02418563577632347,0.019317000167668852,-0.023615787172098314,0.00931645706237518
2017-02-28,-0.034563261157589974,-0.011775834629998035,-0.004792984412346074,0.015285754093141516,-0.0015757388323170973,0.013300968735258703,0.04265911545686553,-0.005615126968453521,0.014043414846517102,
2017-03-31,0.03689843834170888,0.09688641403103626,0.05945922644521088,,0.07638805070750115,0.044457083226300646,0.04303939378734835,0.09924163201235836,0.0676711319982962,0.11669219706574316
2017-04-30,0.07718087320193572,0.03552034971709181,0.011051238809885539,0.028805675255481722,0.060136257805847304,0.02711830689256815,0.05584570677251947,0.12717217441849346,0.12709190652862565,0.07650578210098194
2017-05-31,-0.0005961799226409936,0.028936783810822486,0.03149167466999736,0.006968060753434184,0.07418343875730495,,0.09716224167732522,0.03728542986618001,0.04621913015328116,0.06823263471467894
2017-06-30,0.07145493936902167,0.04008995124660984,0.04010872157292285,0.006925368375004033,0.07527727816356762,,0.16552286781289044,0.24500243316082315,0.10903441318806872,0.05328575370409742
2017-07-31,0.002404912402061104,-0.0047981282912787915,0.09670904841501111,0.06970965749827823,0.04897371051906423,0.035766209671805715,0.07315614154686183,-0.003965923525868442,0.03798181380893268,0.09417923044507737
2017-08-31,-0.048499280646925366,-0.04188489614025776,-0.03273237373262246,-0.0782467196138549,-0.09608251151976127,-0.08807332862217246,0.04072528814263341,0.009322258995911119,-0.06858272803353706,-0.01926211886367519
2017-09-29,0.0,,,0.0,,,0.0,,0.0,0.0
2017-09-30,0.030246040989716266,0.08820245673812788,0.10716015053702115,0.0983106068258539,0.06778478647380452,0.14550188494708666,0.06299849404641665,0.018973937784591968,0.0922234367730451,0.13671926646538218
2017-10-31,-0.07756105784169572,-0.09307044324741647,-0.16348964248707068,0.12252292810818767,-0.09361787044678409,-0.08887019058687054,-0.016630467019967256,-0.03121801288101946,-0.07510971267151141,-0.04946899646440982
2017-11-30,0.14640054336550723,0.09738736006357772,0.1449897306275298,0.142157537411795,0.15962982710853402,0.14187015031364825,0.10588902450543841,0.17987332789413857,-0.007623656473860023,0.06657875190922054
2017-12-31,0.020568511705630694,0.031725251550427234,0.05502093588617787,0.11376566706802727,0.041897384586241385,0.0009526064593199102,0.02533123868397036,0.008150181636145795,0.07628882860087494,0.08666523316541282
2018-01-31,-0.0022824753545459984,-0.023173549816974434,-0.03041081618560043,-0.058181607906832945,-0.03955883603595493,-0.01035966630530824,-0.028698145332279767,0.06190821659111545,-0.06907298102666114,-0.019161148617777544
2018-02-28,0.06750244005432769,0.029729003130693404,0.0059858096613572736,0.04264288842771485,0.008757827213329896,0.06622238920925497,0.05793595218788557,0.022270579512367356,-0.05879463774654836,0.024869235418164836
2018-03-30,0.0,,0.0,,,0.0,,,,0.0
2018-03-31,-0.0881861522821703,-0.06189778888527879,-0.07305180747346698,-0.1188788692578171,-0.0868738083447073,-0.10234102177896576,-0.08873579019310109,-0.09034701443897845,-0.11357442425485191,0.016780988481864694
2018-04-30,-0.07702020538393876,-0.07639341298147166,-0.017699427524109832,-0.06592735849687745,-0.08123154824658785,-0.0629865647474542,0.007417483485170337,0.07845823576607117,-0.12179812860977193,0.05007184818448829
2018-05-31,0.017392554500105867,0.029689281186434338,,-0.020179662441917778,0.010581382094645542,0.01615791155334878,-0.00941766156515672,-0.05293404372446891,-0.016100218186822612,-0.05803531750016733
2018-06-29,0.0,,0.0,,,0.0,,,,0.0
2018-06-30,-0.02128020628703878,-0.07345477672510721,0.039661259774256025,0.007590537770747674,-0.03139186493911136,0.047229249740747443,0.053486335214545204,-0.0042665123044532734,-0.11573754207587073,0.060229537293294944
2018-07-31,-0.18834021810444573,-0.13229230392872593,-0.05284601309361214,-0.09409812367493613,-0.012582928672420751,0.015084837180825825,0.027425914394940784,-0.09007879563170496,-0.0953096878782424,-0.006986023374628487
2018-08-31,0.10326622192411831,0.0641044210934446,0.13166238263755892,0.05059023731421679,0.04652295727891101,0.01647820786440135,0.02969384799117077,-0.01604914547699038,0.035308332356491653,0.04079427927183452
2018-09-30,-0.05589950779838182,-0.10494791932221621,-0.04881063806746231,-0.059268184546312296,-0.06676265442286193,-0.13036044075968697,-0.1152372877290142,-0.03808762971068277,-0.11402251100731411,-0.10654296199969343
2018-10-31,0.11062604390189365,0.05263349200116583,0.025125755581502263,0.0934521221975103,0.02310009759098551,-0.031248457801075574,-0.08895822526733548,0.06515289750587118,0.11127650344991691,-0.028685148044381426
2018-11-30,-0.07555378157186914,-0.055048989656631034,-0.04476597164274099,-0.025498339359452393,0.044898095028820376,-0.0879697728725555,-0.05977802821405387,-0.03723476810379809,0.1497136780691351,
2018-12-31,0.18020102212906766,0.1525458482392992,0.14113709169512817,0.16768276546925012,0.08425795473984227,0.10608975986257912,0.08607824810152415,0.16899355286879345,0.12797948428325326,
2019-01-31,-0.032555716816597996,0.026982181272483856,0.010413758122686202,0.06444681407105422,-0.025788510025301636,0.02479970403339058,0.0409748275363262,0.03864706794198288,-0.025231943793446787,
2019-02-28,-0.14904316238640739,-0.1140994318782752,-0.13394533403030903,-0.10778440776328393,-0.057734919382449935,-0.004501116824092853,-0.0614753676666089,-0.06522707978129655,-0.1211177495985783,-0.018002172264222314
2019-03-31,-0.0216905145154796,0.10415416664111382,0.004146376748880157,0.0741888564263355,0.04534590405428596,0.01817253142062106,0.03512545715599128,0.003896360586197245,-0.008286253819285874,
2019-04-30,-0.07615001778678684,-0.05790478438583985,-0.01151546354658764,-0.0017383849467481338,,-0.06302032294567857,-0.02733605725509347,0.048204102916130406,-0.09890841882592775,0.007413442945485094
2019-05-31,0.1314674498673121,0.10766588408391109,0.1151964829703851,0.11841926646719414,0.13191256060261103,-0.012765957446808696,0.09881640286673421,0.12469592347203091,0.05312738557929518,0.09571061926663738
2019-06-30,0.035167733882619893,0.061642942223700384,0.02521244759861967,0.012957304689738658,-0.019287342825181495,-0.033982362221773345,0.0158632782431954,-0.009560391571346376,,0.057819353573864266
2019-07-31,0.06528121230272253,-0.015842414216286516,-0.046209956981308586,0.03134821406234119,0.007962238916604844,-0.04073180997744368,-0.03623018628061914,0.026768136478456234,0.04134395337030901,-0.018278944165534716
2019-08-29,0.0,0.0,0.0,0.0,0.0,0.0,0.0,,0.0,
2019-08-30,0.0,0.0,0.0,0.0,0.0,0.0,0.0,0.0,0.0,
2019-08-31,0.05339805825242738,,,,,,,,,0.393232205367561
2019-09-30,-0.05768213706279103,-0.062204934171712106,-0.008366832274184818,0.03897373322314906,-0.008483014405761824,-0.009924024175132015,0.07397067638646897,0.03328592077647093,-0.05902251665460746,-0.022579046524407502
2019-10-31,0.12450867646947049,0.1625250997443944,0.11184944641868952,0.14175698402777864,0.04478032079365694,0.021890676471332204,0.11091213990283384,0.06734894941243366,0.058065324288325545,0.10253311532840949
2019-11-29,0.0,0.0,0.0,0.0,0.0,0.0,0.0,0.0,0.0,
2019-11-30,-0.09103169251517174,,,,,,,,,0.07936507936507997
2019-12-31,0.08674640539624738,0.14700370214351852,0.06629485166370255,0.029913525688767262,0.0833655037701706,0.12601937614402645,0.002072280463382234,0.12246470396799296,0.09174415524771727,
2020-01-31,-0.11950104163015902,-0.0726547321151746,-0.10150423787910258,-0.1266331740766304,-0.15509174862283617,-0.115614923137954,-0.032436983021527276,-0.04080847107645328,-0.0451128072466753,
2020-02-28,0.0,0.0,0.0,0.0,0.0,0.0,0.0,0.0,0.0,
2020-02-29,,,,,,,,,,
2020-03-31,0.255923129509538,0.17401796964311994,0.10544897241703349,0.20368404151677447,0.20799193974968902,0.17367274600627694,0.20362663501980852,0.09498763507341645,0.23975963424846447,0.340076802701749
2020-04-30,0.11256694328478167,0.09345854713444202,0.08163029493350644,0.06960987014225377,0.06469560887929621,0.0660244764495056,0.032710934671800015,0.04494120909404948,0.18024322502928522,0.060967359699899144
2020-05-31,0.15584774358110995,0.09611607125187538,0.054562584209618126,0.1124076854760457,0.1545942033277221,0.09750044587099627,0.13861484906562008,0.05874626410504519,0.17906515129865824,0.09039349952882789
2020-06-30,0.015403615555580646,0.0014060642254767979,0.06989630868817877,-0.014743751442034969,0.05082665554652085,0.09520254736363559,0.12679518211807686,0.023008424170272695,0.06533500091081357,
2020-07-30,0.0,0.0,0.0,,0.0,0.0,,0.0,0.0,0.0
2020-07-31,-0.10491661604975923,0.1593086067422756,-0.03860210504109642,-0.05337819798443557,-0.03664704667319899,-0.04699722199848329,-0.07149487916293676,-0.030217125488641305,-0.01947448692641945,
2020-08-31,0.05744041297864729,0.05297029874541063,,0.1198496444839572,,0.12863839157196183,0.0487200157438392,0.14639197283805305,0.07901117772792224,0.04566646794830359
2020-09-30,-0.01623978585802408,-0.024512683497449284,0.3970688095734251,0.053077858743771085,-0.026647421319572727,-0.041333028957210846,0.03623159270208787,0.019889725333128955,-0.07388903512274361,-0.03338117938263041
2020-10-30,0.0,0.0,0.0,0.0,0.0,0.0,0.0,0.0,0.0,0.0
2020-11-30,0.12979651866773467,0.10218998999342856,0.1523582822794277,0.10785488495445215,0.147403034513193,0.032428630912753866,0.2371339042114389,0.2039926239739434,0.17481127056657486,
2020-12-31,0.23723184889408935,0.021311041720441168,-0.03461803698496075,0.0890103081773535,0.022501880112706818,0.25839022702071374,0.049653978168066465,0.057654788779657865,0.05336165153546455,0.038275097901940294
2021-01-29,,,,,,,,,,
2021-01-31,-0.008865015579257052,0.010883184642476666,-0.037580202866096,-0.006205076957586415,0.11321211512790334,-0.08893788981172485,0.0018218988729649904,0.02147753400463839,-0.03136958841968932,0.0026237107642294254
2021-02-26,0.0,,,0.04974666052510368,,,,,,
2021-02-28,-0.03992361522338052,-0.10841682641954771,-0.060196431228309526,-0.01094418295351153,0.12625217366797364,-0.007766269853426692,0.032945666346338665,-0.062174796141737945,-0.11392224517769357,-0.10321492267970774
2021-03-31,-0.05544719917931503,-0.049187265562682124,-0.07172891678381144,-0.056074025851241785,-0.052330106135524856,-0.006678246128554666,-0.014652800710820294,-0.016808671357334548,-0.1153336985921457,-0.006998496281109476
2021-04-30,0.01566571020583146,0.05626082017641565,0.013987068906814686,0.06636869463282895,0.12295869488437186,-0.017320426989302726,0.004356391526142744,0.02305895228635052,0.06262001678152644,
2021-05-31,-0.03683828775977706,-0.09651256952608236,-0.02912147960472497,-0.04937716642537568,-0.05922842894759868,-0.10157033077180044,-0.046263456885713004,-0.012487528624266372,-0.02449434006314836,-0.060504793399801395
2021-06-30,0.03629444232919564,-0.022762106570859707,0.025702528465993003,0.00342788457423443,,0.018008210039871173,0.02459288075844733,-0.014649974367311941,0.05842862968215164,0.008032221125841708
2021-07-30,0.0,0.0,0.0,0.0,0.0,0.0,0.0,0.0,0.0,0.0
2021-08-31,-0.02455277868243344,0.021108067835826343,-0.00821951682494013,0.4858879770303579,-0.02737276317575526,-0.03877625568001033,-0.02974699685335077,-0.029336738519556444,-0.0299293885669606,-0.01673552253490855
2021-09-30,0.07067150133715894,0.0526831283508025,,0.08218270841303837,0.024566956947483693,0.05287790334070933,0.08020137873170094,0.05578368744839999,0.07638562510413319,0.07549882550382606
2021-10-31,0.11494821970358624,0.16342424778449655,0.09403708950541767,0.5737168915845613,0.17744581055260186,0.16099233467871768,0.2931137719905385,0.2437715465693967,0.18154104416086245,0.19807660349891584
2021-11-30,-0.04690262917633728,-0.07063749769736462,-0.04150845176888043,-0.05701047533014619,0.2840820994714227,0.022757007760546805,0.0059266234797753,-0.010821441595846925,-0.04908870066002498,-0.014881741491237638
2021-12-31,0.08334123045879693,0.23122488437339092,0.08572397064721712,0.09477493864813942,0.11714555780950514,0.046086098181890196,0.10983795638737143,0.09282137514491845,0.01864090882465928,0.1088722800160606
2022-01-31,-0.072168683462339,-0.07706723628347811,-0.03616651170276196,-0.09659741198934203,-0.06250987169788624,-0.04621926399273229,-0.11210944951681866,-0.022272308231178015,-0.097771270835527,-0.07976602294490501
2022-02-28,0.13691247460399175,0.15157295006000673,0.14718895489622918,0.1132366244154487,0.20713862568744013,0.11342716163247343,0.1153955741196857,0.16464918254577396,0.24207469112809915,0.2087302067130284
2022-03-31,0.09957182425376775,0.09715917343249572,0.15058287509447787,0.0880877006838978,0.11402693416605193,0.0893627246498661,0.028225079106158124,0.0926381710168429,0.09805518710289145,0.07447152524433419
2022-04-29,0.0,0.0,0.0,0.0,0.0,0.0,0.0,0.0,0.0,
2022-05-31,-0.024080309439033432,0.04318512336352039,-0.0006257331943789191,-0.05564555663367281,0.002494706577347683,0.00011220351085938773,-0.0055806972906119745,0.07055869443276443,0.05850330335635,-0.08994720913860675
2022-06-30,0.12595350368926186,0.15135243255196426,0.13514975359963965,0.062491891489676564,0.09705738592031886,0.12502855693142395,0.07480294905044466,0.055297033720867014,0.06515335230410411,
2022-07-31,0.41173285508007074,0.496738275413622,0.2784433924304143,0.2859292904385922,0.19477657076359312,0.11459672123587152,0.13763845560510227,0.10287626193011422,0.11642757509549195,0.05469970281966102
2022-08-31,0.03718023050896732,0.09929103243069332,-0.02054658906194414,0.09692868489080764,0.08276073044349586,-0.013596185615031398,0.04052101378351338,0.059468899660784835,0.12325927725613582,0.07675484749505705
2022-09-30,0.32448544002412716,0.5252576589464091,0.23522228676504917,0.4500087864854744,0.23366764405858095,0.41262020215863443,0.2388667872731309,0.2013814960051629,0.1463451672606055,0.2617554565621147
2022-10-31,0.25052289168913305,0.36901053714137355,0.2193390628822828,0.4995515982231384,0.3761167347387155,0.2381627241704372,0.45806025945111023,0.5151007558918608,0.29757504205420815,0.4858665901243989
2022-11-30,0.00044105382568333025,0.07238128397960664,0.10614603990710562,0.040339866998179694,0.18262466438113192,0.10163911084400956,0.02444805454197226,0.15792840128268515,0.11690336706131799,0.1990988312824995
2022-12-30,0.0,,0.0,,,0.0,,,,0.0
2022-12-31,-0.16428185961873254,-0.1980154093249956,-0.2033981881430267,-0.1942947448134672,-0.0026841769254052537,-0.11534484918381398,-0.05480688039188086,-0.20876068022129943,-0.12523474069399965,
2023-01-31,0.08116088164557911,0.09612453034363524,0.003990128702466892,0.13521739054289603,0.19044309200432982,0.09458567800500306,0.08661941652403359,0.06551340945478054,0.0846011689802529,0.3249338562665323
2023-02-28,-0.10179556881511952,-0.032897321361462,-0.0522425923342928,-0.08018688631614673,-0.054191622629195316,-0.0682703385862761,0.009226752020633647,-0.056639575799500616,-0.08603533640692893,-0.12613814755208083
2023-03-31,-0.022531790031084614,-0.04115580453938485,-0.013515644399356475,-0.0005999721453096098,0.01653653605796145,-0.03540472669028723,0.06981645390624433,0.005008193621822465,-0.055001654549240074,0.02300802227942397
2023-04-28,0.0,0.0,0.0,,0.0,,,,,
2023-04-30,0.05274897323623069,0.08696247629251623,0.10449945087635226,0.09161864678978467,0.05434309733394941,0.05285330804142655,0.2479733156608767,0.06916433036587198,0.12241709366343388,0.13998683508186088
2023-05-31,0.11495174747358566,0.11028153579599577,0.1721144252619345,0.1275882390602851,0.131808786951593,0.15979845569350254,0.15352318857783695,0.19102202847915897,0.14384446908077306,
2023-06-30,0.22765325089096516,0.37679605048907205,0.24218221484922486,0.4217298026838014,0.3605119417495545,0.2823954745334199,0.30862869827263484,0.43929644497827364,0.293976687033086,0.32209443209011684
2023-07-31,0.16516677019139894,0.11821999696267413,0.10140180574397091,0.15868891500494928,0.27084813293387383,0.24719268436683955,0.17542515259988245,0.22959984205756254,0.34096420252922705,0.1936227536664608
2023-08-31,0.18309915341880198,0.04177726413056085,0.040765933586111074,0.10735560538022951,,0.08538159578704185,0.09272375903865603,0.15494848837363462,0.12535812901244864,
2023-09-29,0.0,,,0.0,,,,,,0.0
2023-09-30,0.024602591490078807,-0.0869121527804956,-0.12978114361248166,-0.036435789932631496,-0.0661695872318581,-0.08323465564703623,-0.09609652997777765,0.0010132968814514976,-0.07979514364177488,-0.10100629818531702
2023-10-31,0.03296056807422769,0.032517119703077205,0.21668421932646273,0.006739250514231884,0.10118205244248481,0.08639226613177811,0.03104214411979145,-0.006673788382429195,0.05152985122646855,
2023-11-30,-0.1795981073592388,-0.10067115853211192,-0.08335189145781714,-0.15765160064604034,0.0025248749760679204,-0.07933859758520057,-0.10473067648801326,-0.008469890863930195,-0.16318085890801295,
2023-12-31,0.20882371990127396,0.17475933402020236,0.1648827197898758,0.18329318114503612,0.18540056157540472,0.18406878848228964,0.14216685796640857,0.17422652268209107,0.16389086951614887,0.2781023583568579
2024-01-31,0.07194306264873082,0.17215500187725255,0.17749555959237936,0.09620971944727412,0.06833258051335762,0.03349642945323847,0.06486521596201145,0.32728963021518076,0.11884543677773474,0.018581617811611415
2024-02-29,-0.08937549666314822,-0.0769779493595318,-0.04424983545228875,-0.004949429252740701,-0.05200731101982043,0.11277337855879493,0.07378543713192147,-0.034648286932997006,-0.05795206195493438,
2024-03-31,0.1516886029550327,0.06221615915960601,0.05653388836332965,0.07613520565892792,0.1408531699251572,0.12551638951299174,0.1558855712556896,0.0808510912416059,0.11033810771270164,
2024-04-30,-0.004836339685405399,-0.010891097368765732,-0.006297120826622288,0.2618138886881297,-0.0017051546945147404,0.06810479542540944,0.05986173781022951,0.10054536461363206,-0.17220342839961672,
2024-05-31,-0.06476622706388846,-0.04579976400791916,0.004929375257016002,-0.0021420127041626323,0.011202716014718353,0.07127834909953037,0.0894546667646243,0.06677260851497584,-0.004400245459831198,-0.049928568696112105
2024-06-30,0.05338391880658334,-0.0224036734123755,0.05086168347929105,0.0050214801594755,0.06439675138590237,0.13937312586763811,0.10703194651618486,0.09758595290769682,0.19143351063726702,0.014116783572214214
2024-07-31,-0.0829309372990798,-0.10444869663564949,-0.04319607467910185,,-0.11251246929447263,-0.08777874276582888,-0.059093225579484966,0.12564980280176433,-0.08422744996266969,-0.06038443663841707
2024-08-29,0.0,0.0,0.0,0.0,0.0,0.0,0.0,0.0,0.0,
2024-08-30,0.0,0.0,0.0,0.0,0.0,0.0,0.0,0.0,0.0,0.0
2024-08-31,-0.21774986759476422,,,,,,,,,-0.06052344601962922
2024-09-30,-0.011002443230320883,0.025220770655239064,-0.06986963582913609,-0.0163075326810925,0.00877588035662503,-0.039415447540268475,-0.03143550446617344,0.007928032872212026,0.062372235292987646,
2024-10-31,0.10319206816786744,0.04574243339923076,0.10480937911407974,0.12406589089389887,0.09415088429701926,0.12772895180362054,0.09001918497635421,0.07037233718893035,0.08740296442923653,
2024-11-29,0.0,0.0,0.0,0.0,0.0,0.0,0.0,0.0,0.0,
2024-11-30,0.05016549441456353,,,,,,,,,-0.12442129629629628
2024-12-31,0.019856549128462565,-0.013296601695746597,0.01656863252959568,-0.009163637870508334,0.048546244566380264,0.06638115901622081,-0.006877475460464466,0.014555874743099433,-0.0675466036575452,
2025-01-31,0.005937766364978844,0.02741600144385109,0.008555147860771209,-0.021340252994797883,0.024342702478869424,0.01945254781602529,-0.06482930995381661,-0.03455605506526223,-0.06078198937857334,-0.06421921137473703
2025-02-28,0.027675290408496832,0.028601415613014162,0.040358633177437014,0.05110773067474675,-0.03188804691070714,0.19100733093768926,0.10467037110829715,0.14547558607004432,0.05932722839573153,
2025-03-31,-0.08262033243479341,0.02042405347768841,-0.050046594744085085,0.02414742796884839,-0.06856321661890193,0.05680773285904494,0.02140633883771688,-0.05596433174042429,-0.05095135603852137,
2025-04-30,0.0053026356335819005,0.08175312862032014,-0.029020722869280993,-0.01705079756860952,-0.11110391488161694,0.01558330563127669,-0.05820690386176169,-0.02869289293070381,0.053763985342033416,
2025-05-30,0.08213272948039688,0.10027190047621443,0.05037153672310561,0.0817026459417363,0.08862755079146617,0.06510448746086497,0.07685679595477837,0.1083167491800248,0.07439957333129864,0.09008166555077274
2025-06-30,0.1521057855015304,0.16036719562195045,0.043222418364142506,0.05860086688979043,0.028113204704223682,0.08043956523737904,,0.055164587740459584,0.06376163869110553,0.06429160359796855
