date,ticker,weight
2000-02-01,CIMSA,0.2
2000-02-01,CLEBI,0.2
2000-02-01,IEYHO,0.2
2000-02-01,OYAKC,0.2
2000-02-01,RALYH,0.2
2000-03-01,BRYAT,0.2
2000-03-01,CIMSA,0.2
2000-03-01,EREGL,0.2
2000-03-01,HEKTS,0.2
2000-03-01,OYAKC,0.2
2000-04-03,AKSA,0.2
2000-04-03,BSOKE,0.2
2000-04-03,OYAKC,0.2
2000-04-03,TUPRS,0.2
2000-04-03,ULKER,0.2
2000-05-01,AKSA,0.2
2000-05-01,BSOKE,0.2
2000-05-01,OYAKC,0.2
2000-05-01,TUPRS,0.2
2000-05-01,ULKER,0.2
2000-06-01,ANSGR,0.2
2000-06-01,ISCTR,0.2
2000-06-01,OYAKC,0.2
2000-06-01,TUPRS,0.2
2000-06-01,TURSG,0.2
2000-07-03,ARCLK,0.2
2000-07-03,BSOKE,0.2
2000-07-03,FROTO,0.2
2000-07-03,OYAKC,0.2
2000-07-03,TUPRS,0.2
2000-08-01,BSOKE,0.2
2000-08-01,CLEBI,0.2
2000-08-01,IPEKE,0.2
2000-08-01,OYAKC,0.2
2000-08-01,TUPRS,0.2
2000-09-01,ANSGR,0.2
2000-09-01,CLEBI,0.2
2000-09-01,OYAKC,0.2
2000-09-01,TUPRS,0.2
2000-09-01,TURSG,0.2
2000-09-30,AGHOL,0.2
2000-09-30,DOHOL,0.2
2000-09-30,EGEEN,0.2
2000-09-30,IPEKE,0.2
2000-09-30,SAHOL,0.2
2000-10-02,BSOKE,0.2
2000-10-02,CLEBI,0.2
2000-10-02,OYAKC,0.2
2000-10-02,TUPRS,0.2
2000-10-02,TURSG,0.2
2000-11-01,CLEBI,0.2
2000-11-01,FROTO,0.2
2000-11-01,OYAKC,0.2
2000-11-01,TUPRS,0.2
2000-11-01,ULKER,0.2
2000-12-01,BSOKE,0.2
2000-12-01,CLEBI,0.2
2000-12-01,HEKTS,0.2
2000-12-01,OYAKC,0.2
2000-12-01,TUPRS,0.2
2000-12-25,AGHOL,0.2
2000-12-25,ALARK,0.2
2000-12-25,BRYAT,0.2
2000-12-25,DOHOL,0.2
2000-12-25,IPEKE,0.2
2000-12-31,AGHOL,0.2
2000-12-31,ALARK,0.2
2000-12-31,BRYAT,0.2
2000-12-31,DOHOL,0.2
2000-12-31,IPEKE,0.2
2001-01-01,ANSGR,0.2
2001-01-01,BSOKE,0.2
2001-01-01,CLEBI,0.2
2001-01-01,OYAKC,0.2
2001-01-01,TUPRS,0.2
2001-02-01,BSOKE,0.2
2001-02-01,CLEBI,0.2
2001-02-01,OYAKC,0.2
2001-02-01,TUPRS,0.2
2001-02-01,YKBNK,0.2
2001-03-01,AKSA,0.2
2001-03-01,BSOKE,0.2
2001-03-01,CLEBI,0.2
2001-03-01,OYAKC,0.2
2001-03-01,TUPRS,0.2
2001-03-31,AGHOL,0.2
2001-03-31,ALARK,0.2
2001-03-31,BRYAT,0.2
2001-03-31,IPEKE,0.2
2001-03-31,SAHOL,0.2
2001-04-02,BSOKE,0.2
2001-04-02,CIMSA,0.2
2001-04-02,CLEBI,0.2
2001-04-02,OYAKC,0.2
2001-04-02,TUPRS,0.2
2001-05-01,AKSA,0.2
2001-05-01,BSOKE,0.2
2001-05-01,CLEBI,0.2
2001-05-01,OYAKC,0.2
2001-05-01,TUPRS,0.2
2001-06-01,BSOKE,0.2
2001-06-01,CLEBI,0.2
2001-06-01,OYAKC,0.2
2001-06-01,TSKB,0.2
2001-06-01,TUPRS,0.2
2001-06-30,ALARK,0.2
2001-06-30,BRYAT,0.2
2001-06-30,DOHOL,0.2
2001-06-30,IPEKE,0.2
2001-06-30,SAHOL,0.2
2001-07-02,BSOKE,0.2
2001-07-02,CLEBI,0.2
2001-07-02,EGEEN,0.2
2001-07-02,OYAKC,0.2
2001-07-02,TUPRS,0.2
2001-08-01,CIMSA,0.2
2001-08-01,CLEBI,0.2
2001-08-01,EGEEN,0.2
2001-08-01,OYAKC,0.2
2001-08-01,TUPRS,0.2
2001-09-03,ANSGR,0.2
2001-09-03,CIMSA,0.2
2001-09-03,GSRAY,0.2
2001-09-03,OYAKC,0.2
2001-09-03,TUPRS,0.2
2001-09-30,AGHOL,0.2
2001-09-30,ALARK,0.2
2001-09-30,BRYAT,0.2
2001-09-30,IPEKE,0.2
2001-09-30,SAHOL,0.2
2001-10-01,BSOKE,0.2
2001-10-01,CIMSA,0.2
2001-10-01,CLEBI,0.2
2001-10-01,OYAKC,0.2
2001-10-01,TUPRS,0.2
2001-11-01,ANSGR,0.2
2001-11-01,CLEBI,0.2
2001-11-01,GSRAY,0.2
2001-11-01,OYAKC,0.2
2001-11-01,TUPRS,0.2
2001-12-03,EGEEN,0.2
2001-12-03,GSRAY,0.2
2001-12-03,HEKTS,0.2
2001-12-03,OYAKC,0.2
2001-12-03,TUPRS,0.2
2001-12-31,AGHOL,0.2
2001-12-31,ALARK,0.2
2001-12-31,BRYAT,0.2
2001-12-31,DOHOL,0.2
2001-12-31,IPEKE,0.2
2002-01-01,ANSGR,0.2
2002-01-01,BSOKE,0.2
2002-01-01,CLEBI,0.2
2002-01-01,OYAKC,0.2
2002-01-01,TUPRS,0.2
2002-02-01,BSOKE,0.2
2002-02-01,CLEBI,0.2
2002-02-01,GSRAY,0.2
2002-02-01,OYAKC,0.2
2002-02-01,TUPRS,0.2
2002-03-01,BSOKE,0.2
2002-03-01,EGEEN,0.2
2002-03-01,GSRAY,0.2
2002-03-01,OYAKC,0.2
2002-03-01,TUPRS,0.2
2002-03-31,AGHOL,0.2
2002-03-31,ALARK,0.2
2002-03-31,DOHOL,0.2
2002-03-31,GSRAY,0.2
2002-03-31,SAHOL,0.2
2002-04-01,BSOKE,0.2
2002-04-01,CLEBI,0.2
2002-04-01,EGEEN,0.2
2002-04-01,OYAKC,0.2
2002-04-01,TUPRS,0.2
2002-05-01,CIMSA,0.2
2002-05-01,CLEBI,0.2
2002-05-01,EGEEN,0.2
2002-05-01,GSRAY,0.2
2002-05-01,OYAKC,0.2
2002-06-03,CIMSA,0.2
2002-06-03,CLEBI,0.2
2002-06-03,EGEEN,0.2
2002-06-03,GSRAY,0.2
2002-06-03,OYAKC,0.2
2002-06-30,AGHOL,0.2
2002-06-30,ALARK,0.2
2002-06-30,DOHOL,0.2
2002-06-30,GSRAY,0.2
2002-06-30,SAHOL,0.2
2002-07-01,CIMSA,0.2
2002-07-01,CLEBI,0.2
2002-07-01,EGEEN,0.2
2002-07-01,OYAKC,0.2
2002-07-01,RALYH,0.2
2002-08-01,ASELS,0.2
2002-08-01,CLEBI,0.2
2002-08-01,EGEEN,0.2
2002-08-01,GSRAY,0.2
2002-08-01,OYAKC,0.2
2002-08-30,BSOKE,0.2
2002-08-30,HEKTS,0.2
2002-08-30,RALYH,0.2
2002-08-30,TURSG,0.2
2002-08-30,ZOREN,0.2
2002-08-31,ANSGR,0.2
2002-08-31,CIMSA,0.2
2002-08-31,CLEBI,0.2
2002-08-31,EGEEN,0.2
2002-08-31,OYAKC,0.2
2002-09-02,ANSGR,0.2
2002-09-02,CIMSA,0.2
2002-09-02,CLEBI,0.2
2002-09-02,EGEEN,0.2
2002-09-02,OYAKC,0.2
2002-10-01,CIMSA,0.2
2002-10-01,CLEBI,0.2
2002-10-01,EGEEN,0.2
2002-10-01,HEKTS,0.2
2002-10-01,OYAKC,0.2
2002-11-01,BSOKE,0.2
2002-11-01,CIMSA,0.2
2002-11-01,CLEBI,0.2
2002-11-01,GSRAY,0.2
2002-11-01,OYAKC,0.2
2002-11-30,ANSGR,0.2
2002-11-30,ARCLK,0.2
2002-11-30,CIMSA,0.2
2002-11-30,CLEBI,0.2
2002-11-30,OYAKC,0.2
2002-12-02,ANSGR,0.2
2002-12-02,ARCLK,0.2
2002-12-02,CIMSA,0.2
2002-12-02,CLEBI,0.2
2002-12-02,OYAKC,0.2
2003-01-01,ANSGR,0.2
2003-01-01,CIMSA,0.2
2003-01-01,CLEBI,0.2
2003-01-01,GSRAY,0.2
2003-01-01,OYAKC,0.2
2003-02-03,ANSGR,0.2
2003-02-03,CIMSA,0.2
2003-02-03,CLEBI,0.2
2003-02-03,GSRAY,0.2
2003-02-03,OYAKC,0.2
2003-03-03,CIMSA,0.2
2003-03-03,CLEBI,0.2
2003-03-03,GSRAY,0.2
2003-03-03,OYAKC,0.2
2003-03-03,YKBNK,0.2
2003-04-01,CIMSA,0.2
2003-04-01,CLEBI,0.2
2003-04-01,EGEEN,0.2
2003-04-01,GSRAY,0.2
2003-04-01,OYAKC,0.2
2003-05-01,CIMSA,0.2
2003-05-01,CLEBI,0.2
2003-05-01,GSRAY,0.2
2003-05-01,OYAKC,0.2
2003-05-01,TUPRS,0.2
2003-05-31,ARCLK,0.2
2003-05-31,CIMSA,0.2
2003-05-31,CLEBI,0.2
2003-05-31,OYAKC,0.2
2003-05-31,TUPRS,0.2
2003-06-02,ARCLK,0.2
2003-06-02,CIMSA,0.2
2003-06-02,CLEBI,0.2
2003-06-02,OYAKC,0.2
2003-06-02,TUPRS,0.2
2003-07-01,CIMSA,0.2
2003-07-01,CLEBI,0.2
2003-07-01,GSRAY,0.2
2003-07-01,OYAKC,0.2
2003-07-01,TUPRS,0.2
2003-08-01,CIMSA,0.2
2003-08-01,CLEBI,0.2
2003-08-01,GSRAY,0.2
2003-08-01,OYAKC,0.2
2003-08-01,TUPRS,0.2
2003-08-31,CIMSA,0.2
2003-08-31,CLEBI,0.2
2003-08-31,HEKTS,0.2
2003-08-31,OYAKC,0.2
2003-08-31,TUPRS,0.2
2003-09-01,CIMSA,0.2
2003-09-01,CLEBI,0.2
2003-09-01,HEKTS,0.2
2003-09-01,OYAKC,0.2
2003-09-01,TUPRS,0.2
2003-10-01,CIMSA,0.2
2003-10-01,CLEBI,0.2
2003-10-01,GSRAY,0.2
2003-10-01,OYAKC,0.2
2003-10-01,YKBNK,0.2
2003-11-03,CIMSA,0.2
2003-11-03,CLEBI,0.2
2003-11-03,GSRAY,0.2
2003-11-03,HEKTS,0.2
2003-11-03,OYAKC,0.2
2003-11-21,EREGL,0.2
2003-11-21,FROTO,0.2
2003-11-21,GARAN,0.2
2003-11-21,HEKTS,0.2
2003-11-21,TURSG,0.2
2003-11-30,ANSGR,0.2
2003-11-30,CIMSA,0.2
2003-11-30,CLEBI,0.2
2003-11-30,OYAKC,0.2
2003-11-30,TUPRS,0.2
2003-12-01,ANSGR,0.2
2003-12-01,CIMSA,0.2
2003-12-01,CLEBI,0.2
2003-12-01,OYAKC,0.2
2003-12-01,TUPRS,0.2
2004-01-01,ANSGR,0.2
2004-01-01,CLEBI,0.2
2004-01-01,EREGL,0.2
2004-01-01,GSRAY,0.2
2004-01-01,OYAKC,0.2
2004-02-02,ANSGR,0.2
2004-02-02,CIMSA,0.2
2004-02-02,CLEBI,0.2
2004-02-02,GSRAY,0.2
2004-02-02,OYAKC,0.2
2004-02-29,ANSGR,0.2
2004-02-29,CIMSA,0.2
2004-02-29,CLEBI,0.2
2004-02-29,FROTO,0.2
2004-02-29,OYAKC,0.2
2004-03-01,ANSGR,0.2
2004-03-01,CIMSA,0.2
2004-03-01,CLEBI,0.2
2004-03-01,FROTO,0.2
2004-03-01,OYAKC,0.2
2004-04-01,ANSGR,0.2
2004-04-01,CIMSA,0.2
2004-04-01,CLEBI,0.2
2004-04-01,GSRAY,0.2
2004-04-01,OYAKC,0.2
2004-05-03,CLEBI,0.2
2004-05-03,FENER,0.2
2004-05-03,GSRAY,0.2
2004-05-03,OYAKC,0.2
2004-05-03,TUPRS,0.2
2004-06-01,FROTO,0.2
2004-06-01,GSRAY,0.2
2004-06-01,KRDMD,0.2
2004-06-01,OYAKC,0.2
2004-06-01,TUPRS,0.2
2004-07-01,ANSGR,0.2
2004-07-01,CLEBI,0.2
2004-07-01,GSRAY,0.2
2004-07-01,OYAKC,0.2
2004-07-01,TUPRS,0.2
2004-08-02,GSRAY,0.2
2004-08-02,KRDMD,0.2
2004-08-02,OYAKC,0.2
2004-08-02,TTRAK,0.2
2004-08-02,TUPRS,0.2
2004-09-01,ANSGR,0.2
2004-09-01,GSRAY,0.2
2004-09-01,OYAKC,0.2
2004-09-01,TTRAK,0.2
2004-09-01,TUPRS,0.2
2004-10-01,CLEBI,0.2
2004-10-01,GSRAY,0.2
2004-10-01,KRDMD,0.2
2004-10-01,OYAKC,0.2
2004-10-01,TUPRS,0.2
2004-10-29,EREGL,0.2
2004-10-29,FROTO,0.2
2004-10-29,HEKTS,0.2
2004-10-29,KRDMD,0.2
2004-10-29,TTRAK,0.2
2004-11-01,ANSGR,0.2
2004-11-01,BRSAN,0.2
2004-11-01,GSRAY,0.2
2004-11-01,OYAKC,0.2
2004-11-01,TUPRS,0.2
2004-12-01,ANSGR,0.2
2004-12-01,GSRAY,0.2
2004-12-01,OYAKC,0.2
2004-12-01,TTRAK,0.2
2004-12-01,TUPRS,0.2
2004-12-30,BRYAT,0.2
2004-12-30,FENER,0.2
2004-12-30,HEKTS,0.2
2004-12-30,RALYH,0.2
2004-12-30,SKBNK,0.2
2005-01-03,CIMSA,0.2
2005-01-03,GSRAY,0.2
2005-01-03,KRDMD,0.2
2005-01-03,OYAKC,0.2
2005-01-03,TTRAK,0.2
2005-02-01,CIMSA,0.2
2005-02-01,GSRAY,0.2
2005-02-01,OYAKC,0.2
2005-02-01,TTRAK,0.2
2005-02-01,TUPRS,0.2
2005-03-01,CIMSA,0.2
2005-03-01,GSRAY,0.2
2005-03-01,OYAKC,0.2
2005-03-01,TTRAK,0.2
2005-03-01,TUPRS,0.2
2005-04-01,BRYAT,0.2
2005-04-01,GSRAY,0.2
2005-04-01,OYAKC,0.2
2005-04-01,TTRAK,0.2
2005-04-01,TUPRS,0.2
2005-05-02,BRYAT,0.2
2005-05-02,GSRAY,0.2
2005-05-02,OYAKC,0.2
2005-05-02,TTRAK,0.2
2005-05-02,TUPRS,0.2
2005-06-01,DOAS,0.2
2005-06-01,EREGL,0.2
2005-06-01,GSRAY,0.2
2005-06-01,OYAKC,0.2
2005-06-01,TUPRS,0.2
2005-07-01,BRYAT,0.2
2005-07-01,EREGL,0.2
2005-07-01,OYAKC,0.2
2005-07-01,TTRAK,0.2
2005-07-01,TUPRS,0.2
2005-08-01,BRYAT,0.2
2005-08-01,GSRAY,0.2
2005-08-01,OYAKC,0.2
2005-08-01,TTRAK,0.2
2005-08-01,TUPRS,0.2
2005-09-01,BRYAT,0.2
2005-09-01,EREGL,0.2
2005-09-01,OYAKC,0.2
2005-09-01,TTRAK,0.2
2005-09-01,TUPRS,0.2
2005-10-03,BRYAT,0.2
2005-10-03,CIMSA,0.2
2005-10-03,OYAKC,0.2
2005-10-03,TTRAK,0.2
2005-10-03,TUPRS,0.2
2005-11-01,BRYAT,0.2
2005-11-01,DOAS,0.2
2005-11-01,OYAKC,0.2
2005-11-01,TTRAK,0.2
2005-11-01,TUPRS,0.2
2005-12-01,BRYAT,0.2
2005-12-01,EREGL,0.2
2005-12-01,OYAKC,0.2
2005-12-01,TTRAK,0.2
2005-12-01,TUPRS,0.2
2005-12-31,FENER,0.3333333333333333
2005-12-31,GSRAY,0.3333333333333333
2005-12-31,VAKBN,0.3333333333333333
2006-01-02,BRYAT,0.2
2006-01-02,EREGL,0.2
2006-01-02,OYAKC,0.2
2006-01-02,TTRAK,0.2
2006-01-02,TUPRS,0.2
2006-02-01,BRYAT,0.2
2006-02-01,EREGL,0.2
2006-02-01,OYAKC,0.2
2006-02-01,TTRAK,0.2
2006-02-01,TUPRS,0.2
2006-03-01,BRYAT,0.2
2006-03-01,DOAS,0.2
2006-03-01,OYAKC,0.2
2006-03-01,TTRAK,0.2
2006-03-01,TUPRS,0.2
2006-04-03,BRYAT,0.2
2006-04-03,EREGL,0.2
2006-04-03,OYAKC,0.2
2006-04-03,TTRAK,0.2
2006-04-03,TUPRS,0.2
2006-05-01,BRYAT,0.2
2006-05-01,DOAS,0.2
2006-05-01,OYAKC,0.2
2006-05-01,TTRAK,0.2
2006-05-01,TUPRS,0.2
2006-06-01,BRYAT,0.2
2006-06-01,GSRAY,0.2
2006-06-01,OYAKC,0.2
2006-06-01,TTRAK,0.2
2006-06-01,TUPRS,0.2
2006-07-03,BRYAT,0.2
2006-07-03,GSRAY,0.2
2006-07-03,OYAKC,0.2
2006-07-03,TTRAK,0.2
2006-07-03,TUPRS,0.2
2006-08-01,BRYAT,0.2
2006-08-01,BSOKE,0.2
2006-08-01,OYAKC,0.2
2006-08-01,TTRAK,0.2
2006-08-01,TUPRS,0.2
2006-09-01,BRYAT,0.2
2006-09-01,BSOKE,0.2
2006-09-01,OYAKC,0.2
2006-09-01,TTRAK,0.2
2006-09-01,TUPRS,0.2
2006-09-30,FENER,0.5
2006-09-30,GSRAY,0.5
2006-10-02,BSOKE,0.2
2006-10-02,FROTO,0.2
2006-10-02,OYAKC,0.2
2006-10-02,TTRAK,0.2
2006-10-02,TUPRS,0.2
2006-11-01,BRYAT,0.2
2006-11-01,FROTO,0.2
2006-11-01,OYAKC,0.2
2006-11-01,TTRAK,0.2
2006-11-01,TUPRS,0.2
2006-12-01,FROTO,0.2
2006-12-01,GSRAY,0.2
2006-12-01,OYAKC,0.2
2006-12-01,TTRAK,0.2
2006-12-01,TUPRS,0.2
2006-12-31,FENER,0.5
2006-12-31,GSRAY,0.5
2007-01-01,BRYAT,0.2
2007-01-01,FROTO,0.2
2007-01-01,OYAKC,0.2
2007-01-01,TTRAK,0.2
2007-01-01,TUPRS,0.2
2007-02-01,BRYAT,0.2
2007-02-01,FROTO,0.2
2007-02-01,OYAKC,0.2
2007-02-01,TTRAK,0.2
2007-02-01,TUPRS,0.2
2007-03-01,BRYAT,0.2
2007-03-01,FROTO,0.2
2007-03-01,OYAKC,0.2
2007-03-01,TTRAK,0.2
2007-03-01,TUPRS,0.2
2007-03-31,FENER,0.5
2007-03-31,GSRAY,0.5
2007-04-02,BRYAT,0.2
2007-04-02,FROTO,0.2
2007-04-02,OYAKC,0.2
2007-04-02,TTRAK,0.2
2007-04-02,TUPRS,0.2
2007-05-01,FROTO,0.2
2007-05-01,GSRAY,0.2
2007-05-01,OYAKC,0.2
2007-05-01,TTRAK,0.2
2007-05-01,TUPRS,0.2
2007-06-01,BRYAT,0.2
2007-06-01,FROTO,0.2
2007-06-01,OYAKC,0.2
2007-06-01,TTRAK,0.2
2007-06-01,TUPRS,0.2
2007-06-30,FENER,0.5
2007-06-30,GSRAY,0.5
2007-07-02,CIMSA,0.2
2007-07-02,FROTO,0.2
2007-07-02,OYAKC,0.2
2007-07-02,TTRAK,0.2
2007-07-02,TUPRS,0.2
2007-08-01,BRYAT,0.2
2007-08-01,FROTO,0.2
2007-08-01,OYAKC,0.2
2007-08-01,TTRAK,0.2
2007-08-01,TUPRS,0.2
2007-09-03,BRYAT,0.2
2007-09-03,CIMSA,0.2
2007-09-03,OYAKC,0.2
2007-09-03,TTRAK,0.2
2007-09-03,TUPRS,0.2
2007-09-30,FENER,0.5
2007-09-30,GSRAY,0.5
2007-10-01,CIMSA,0.2
2007-10-01,FROTO,0.2
2007-10-01,OYAKC,0.2
2007-10-01,TTRAK,0.2
2007-10-01,TUPRS,0.2
2007-11-01,BRYAT,0.2
2007-11-01,FROTO,0.2
2007-11-01,OYAKC,0.2
2007-11-01,TTRAK,0.2
2007-11-01,TUPRS,0.2
2007-12-03,BRYAT,0.2
2007-12-03,FROTO,0.2
2007-12-03,OYAKC,0.2
2007-12-03,TTRAK,0.2
2007-12-03,TUPRS,0.2
2008-01-01,BRYAT,0.2
2008-01-01,CIMSA,0.2
2008-01-01,OYAKC,0.2
2008-01-01,TTRAK,0.2
2008-01-01,TUPRS,0.2
2008-02-01,BRYAT,0.2
2008-02-01,GSRAY,0.2
2008-02-01,OYAKC,0.2
2008-02-01,TTRAK,0.2
2008-02-01,TUPRS,0.2
2008-03-03,BRYAT,0.2
2008-03-03,CIMSA,0.2
2008-03-03,OYAKC,0.2
2008-03-03,TTRAK,0.2
2008-03-03,TUPRS,0.2
2008-04-01,BRYAT,0.2
2008-04-01,CIMSA,0.2
2008-04-01,OYAKC,0.2
2008-04-01,TTRAK,0.2
2008-04-01,TUPRS,0.2
2008-05-01,BRYAT,0.2
2008-05-01,FROTO,0.2
2008-05-01,OYAKC,0.2
2008-05-01,TTRAK,0.2
2008-05-01,TUPRS,0.2
2008-05-31,BRYAT,0.2
2008-05-31,CIMSA,0.2
2008-05-31,FROTO,0.2
2008-05-31,OYAKC,0.2
2008-05-31,TUPRS,0.2
2008-06-02,FENER,0.5
2008-06-02,GSRAY,0.5
2008-07-01,BRYAT,0.2
2008-07-01,FROTO,0.2
2008-07-01,GSRAY,0.2
2008-07-01,OYAKC,0.2
2008-07-01,TUPRS,0.2
2008-08-01,BRYAT,0.2
2008-08-01,CIMSA,0.2
2008-08-01,OYAKC,0.2
2008-08-01,TTRAK,0.2
2008-08-01,TUPRS,0.2
2008-08-31,BRYAT,0.2
2008-08-31,CIMSA,0.2
2008-08-31,OYAKC,0.2
2008-08-31,TTRAK,0.2
2008-08-31,TUPRS,0.2
2008-09-01,FENER,0.5
2008-09-01,GSRAY,0.5
2008-10-01,BRYAT,0.2
2008-10-01,GUBRF,0.2
2008-10-01,OYAKC,0.2
2008-10-01,TTRAK,0.2
2008-10-01,TUPRS,0.2
2008-11-03,BRYAT,0.2
2008-11-03,CLEBI,0.2
2008-11-03,FROTO,0.2
2008-11-03,OYAKC,0.2
2008-11-03,TUPRS,0.2
2008-11-30,BRYAT,0.2
2008-11-30,CLEBI,0.2
2008-11-30,OYAKC,0.2
2008-11-30,TTRAK,0.2
2008-11-30,TUPRS,0.2
2008-12-01,FENER,0.5
2008-12-01,GSRAY,0.5
2009-01-01,BRYAT,0.2
2009-01-01,CIMSA,0.2
2009-01-01,OYAKC,0.2
2009-01-01,TTRAK,0.2
2009-01-01,TUPRS,0.2
2009-02-02,ANSGR,0.2
2009-02-02,BRYAT,0.2
2009-02-02,OYAKC,0.2
2009-02-02,TTRAK,0.2
2009-02-02,TUPRS,0.2
2009-02-28,BRYAT,0.2
2009-02-28,CIMSA,0.2
2009-02-28,FROTO,0.2
2009-02-28,OYAKC,0.2
2009-02-28,TUPRS,0.2
2009-03-02,FENER,0.5
2009-03-02,GSRAY,0.5
2009-04-01,BRYAT,0.2
2009-04-01,CIMSA,0.2
2009-04-01,FROTO,0.2
2009-04-01,OYAKC,0.2
2009-04-01,TUPRS,0.2
2009-05-01,ANSGR,0.2
2009-05-01,BRYAT,0.2
2009-05-01,CIMSA,0.2
2009-05-01,HEKTS,0.2
2009-05-01,OYAKC,0.2
2009-05-31,ANSGR,0.2
2009-05-31,BRYAT,0.2
2009-05-31,EGEEN,0.2
2009-05-31,OYAKC,0.2
2009-05-31,TUPRS,0.2
2009-06-01,FENER,0.5
2009-06-01,GSRAY,0.5
2009-07-01,ANSGR,0.2
2009-07-01,BRYAT,0.2
2009-07-01,CLEBI,0.2
2009-07-01,HEKTS,0.2
2009-07-01,OYAKC,0.2
2009-08-03,BRYAT,0.2
2009-08-03,FROTO,0.2
2009-08-03,HEKTS,0.2
2009-08-03,OYAKC,0.2
2009-08-03,TUPRS,0.2
2009-09-01,BRYAT,0.2
2009-09-01,CLEBI,0.2
2009-09-01,FROTO,0.2
2009-09-01,OYAKC,0.2
2009-09-01,TUPRS,0.2
2009-10-01,BRYAT,0.2
2009-10-01,CIMSA,0.2
2009-10-01,CLEBI,0.2
2009-10-01,FROTO,0.2
2009-10-01,OYAKC,0.2
2009-11-02,BRYAT,0.2
2009-11-02,CIMSA,0.2
2009-11-02,CLEBI,0.2
2009-11-02,FROTO,0.2
2009-11-02,OYAKC,0.2
2009-11-27,IPEKE,0.2
2009-11-27,KOZAA,0.2
2009-11-27,KRDMD,0.2
2009-11-27,THYAO,0.2
2009-11-27,TTKOM,0.2
2009-12-01,BRYAT,0.2
2009-12-01,CLEBI,0.2
2009-12-01,FROTO,0.2
2009-12-01,OYAKC,0.2
2009-12-01,TUPRS,0.2
2010-01-01,ANSGR,0.2
2010-01-01,BRYAT,0.2
2010-01-01,FROTO,0.2
2010-01-01,OYAKC,0.2
2010-01-01,TUPRS,0.2
2010-02-01,BRYAT,0.2
2010-02-01,FROTO,0.2
2010-02-01,GSRAY,0.2
2010-02-01,OYAKC,0.2
2010-02-01,TTKOM,0.2
2010-02-28,BRYAT,0.2
2010-02-28,CIMSA,0.2
2010-02-28,FROTO,0.2
2010-02-28,OYAKC,0.2
2010-02-28,TUPRS,0.2
2010-03-01,FENER,0.5
2010-03-01,GSRAY,0.5
2010-04-01,BRYAT,0.2
2010-04-01,FROTO,0.2
2010-04-01,OYAKC,0.2
2010-04-01,TTKOM,0.2
2010-04-01,TUPRS,0.2
2010-05-02,BRYAT,0.2
2010-05-02,FROTO,0.2
2010-05-02,GSRAY,0.2
2010-05-02,OYAKC,0.2
2010-05-02,TTKOM,0.2
2010-06-01,BRYAT,0.2
2010-06-01,FROTO,0.2
2010-06-01,GSRAY,0.2
2010-06-01,OYAKC,0.2
2010-06-01,TTKOM,0.2
2010-07-01,BRYAT,0.2
2010-07-01,CIMSA,0.2
2010-07-01,FROTO,0.2
2010-07-01,GSRAY,0.2
2010-07-01,OYAKC,0.2
2010-08-01,BRYAT,0.2
2010-08-01,FROTO,0.2
2010-08-01,OYAKC,0.2
2010-08-01,TTKOM,0.2
2010-08-01,TUPRS,0.2
2010-09-01,BRYAT,0.2
2010-09-01,FROTO,0.2
2010-09-01,HEKTS,0.2
2010-09-01,OYAKC,0.2
2010-09-01,TTKOM,0.2
2010-10-01,BRYAT,0.2
2010-10-01,FROTO,0.2
2010-10-01,OYAKC,0.2
2010-10-01,TTKOM,0.2
2010-10-01,TUPRS,0.2
2010-10-29,BRYAT,0.2
2010-10-29,FROTO,0.2
2010-10-29,OYAKC,0.2
2010-10-29,TTKOM,0.2
2010-10-29,TUPRS,0.2
2010-10-31,BRYAT,0.2
2010-10-31,FROTO,0.2
2010-10-31,OYAKC,0.2
2010-10-31,TTKOM,0.2
2010-10-31,TUPRS,0.2
2010-11-01,FROTO,0.2
2010-11-01,HEKTS,0.2
2010-11-01,IPEKE,0.2
2010-11-01,OYAKC,0.2
2010-11-01,TTKOM,0.2
2010-12-01,BRYAT,0.2
2010-12-01,FROTO,0.2
2010-12-01,OYAKC,0.2
2010-12-01,TTKOM,0.2
2010-12-01,TUPRS,0.2
2011-01-02,BRYAT,0.2
2011-01-02,FROTO,0.2
2011-01-02,IPEKE,0.2
2011-01-02,OYAKC,0.2
2011-01-02,TTKOM,0.2
2011-02-01,BRYAT,0.2
2011-02-01,EKGYO,0.2
2011-02-01,FROTO,0.2
2011-02-01,OYAKC,0.2
2011-02-01,TTKOM,0.2
2011-03-01,BRYAT,0.2
2011-03-01,FROTO,0.2
2011-03-01,OYAKC,0.2
2011-03-01,SASA,0.2
2011-03-01,TTKOM,0.2
2011-04-01,BRYAT,0.2
2011-04-01,CIMSA,0.2
2011-04-01,FROTO,0.2
2011-04-01,OYAKC,0.2
2011-04-01,TTKOM,0.2
2011-05-01,BRYAT,0.2
2011-05-01,CIMSA,0.2
2011-05-01,FROTO,0.2
2011-05-01,OYAKC,0.2
2011-05-01,TTRAK,0.2
2011-06-01,BRYAT,0.2
2011-06-01,HEKTS,0.2
2011-06-01,OYAKC,0.2
2011-06-01,TTKOM,0.2
2011-06-01,TTRAK,0.2
2011-07-01,BRYAT,0.2
2011-07-01,FROTO,0.2
2011-07-01,OYAKC,0.2
2011-07-01,TTKOM,0.2
2011-07-01,TTRAK,0.2
2011-07-31,BRYAT,0.2
2011-07-31,FROTO,0.2
2011-07-31,OYAKC,0.2
2011-07-31,TTKOM,0.2
2011-07-31,TTRAK,0.2
2011-08-01,FROTO,0.2
2011-08-01,HEKTS,0.2
2011-08-01,OYAKC,0.2
2011-08-01,TTKOM,0.2
2011-08-01,TTRAK,0.2
2011-08-30,EKGYO,0.2
2011-08-30,IPEKE,0.2
2011-08-30,KOZAA,0.2
2011-08-30,KRDMD,0.2
2011-08-30,VESTL,0.2
2011-09-01,BRYAT,0.2
2011-09-01,FROTO,0.2
2011-09-01,HEKTS,0.2
2011-09-01,TTKOM,0.2
2011-09-01,TTRAK,0.2
2011-10-02,BRYAT,0.2
2011-10-02,FROTO,0.2
2011-10-02,HEKTS,0.2
2011-10-02,OYAKC,0.2
2011-10-02,TTRAK,0.2
2011-11-01,BRYAT,0.2
2011-11-01,EREGL,0.2
2011-11-01,FROTO,0.2
2011-11-01,OYAKC,0.2
2011-11-01,TTRAK,0.2
2011-12-01,EREGL,0.2
2011-12-01,FROTO,0.2
2011-12-01,OYAKC,0.2
2011-12-01,TTRAK,0.2
2011-12-01,TUPRS,0.2
2011-12-31,FENER,0.5
2011-12-31,GSRAY,0.5
2012-01-01,BRYAT,0.2
2012-01-01,FROTO,0.2
2012-01-01,OYAKC,0.2
2012-01-01,TTKOM,0.2
2012-01-01,TTRAK,0.2
2012-02-01,BRYAT,0.2
2012-02-01,EREGL,0.2
2012-02-01,OYAKC,0.2
2012-02-01,TTRAK,0.2
2012-02-01,TUPRS,0.2
2012-03-01,BRYAT,0.2
2012-03-01,EREGL,0.2
2012-03-01,FROTO,0.2
2012-03-01,OYAKC,0.2
2012-03-01,TTRAK,0.2
2012-03-31,FENER,0.5
2012-03-31,GSRAY,0.5
2012-04-01,BRYAT,0.2
2012-04-01,EGEEN,0.2
2012-04-01,FROTO,0.2
2012-04-01,HEKTS,0.2
2012-04-01,TTRAK,0.2
2012-05-01,BRYAT,0.2
2012-05-01,DOAS,0.2
2012-05-01,FROTO,0.2
2012-05-01,HEKTS,0.2
2012-05-01,TTRAK,0.2
2012-06-01,BRYAT,0.2
2012-06-01,FROTO,0.2
2012-06-01,TTRAK,0.2
2012-06-01,TUPRS,0.2
2012-06-01,ULKER,0.2
2012-06-30,FENER,0.5
2012-06-30,GSRAY,0.5
2012-07-01,AKSA,0.2
2012-07-01,BRYAT,0.2
2012-07-01,EGEEN,0.2
2012-07-01,FROTO,0.2
2012-07-01,TTRAK,0.2
2012-08-01,AKSA,0.2
2012-08-01,BRYAT,0.2
2012-08-01,DOAS,0.2
2012-08-01,FROTO,0.2
2012-08-01,TTRAK,0.2
2012-09-02,BRYAT,0.2
2012-09-02,DOAS,0.2
2012-09-02,FROTO,0.2
2012-09-02,HEKTS,0.2
2012-09-02,TTRAK,0.2
2012-09-30,BRYAT,0.2
2012-09-30,DOAS,0.2
2012-09-30,FROTO,0.2
2012-09-30,HEKTS,0.2
2012-09-30,TTRAK,0.2
2012-10-01,AKSA,0.2
2012-10-01,BRYAT,0.2
2012-10-01,FROTO,0.2
2012-10-01,TTRAK,0.2
2012-10-01,TUPRS,0.2
2012-11-01,BRYAT,0.2
2012-11-01,DOAS,0.2
2012-11-01,FROTO,0.2
2012-11-01,TTRAK,0.2
2012-11-01,TUPRS,0.2
2012-12-02,DOAS,0.2
2012-12-02,FROTO,0.2
2012-12-02,OYAKC,0.2
2012-12-02,TTRAK,0.2
2012-12-02,TUPRS,0.2
2013-01-01,BRYAT,0.2
2013-01-01,DOAS,0.2
2013-01-01,FROTO,0.2
2013-01-01,TTRAK,0.2
2013-01-01,TUPRS,0.2
2013-02-01,BRYAT,0.2
2013-02-01,CIMSA,0.2
2013-02-01,DOAS,0.2
2013-02-01,OYAKC,0.2
2013-02-01,TTRAK,0.2
2013-03-01,BRYAT,0.2
2013-03-01,DOAS,0.2
2013-03-01,FROTO,0.2
2013-03-01,HEKTS,0.2
2013-03-01,TTRAK,0.2
2013-04-01,AKSA,0.2
2013-04-01,BRYAT,0.2
2013-04-01,DOAS,0.2
2013-04-01,FROTO,0.2
2013-04-01,TTRAK,0.2
2013-05-01,AKSA,0.2
2013-05-01,BRYAT,0.2
2013-05-01,DOAS,0.2
2013-05-01,OYAKC,0.2
2013-05-01,TTRAK,0.2
2013-06-02,AKSA,0.2
2013-06-02,BRYAT,0.2
2013-06-02,DOAS,0.2
2013-06-02,FROTO,0.2
2013-06-02,TOASO,0.2
2013-06-30,AKSA,0.2
2013-06-30,BRYAT,0.2
2013-06-30,DOAS,0.2
2013-06-30,FROTO,0.2
2013-06-30,TOASO,0.2
2013-07-01,AKSA,0.2
2013-07-01,BRYAT,0.2
2013-07-01,DOAS,0.2
2013-07-01,FROTO,0.2
2013-07-01,HEKTS,0.2
2013-08-01,AKSA,0.2
2013-08-01,BRYAT,0.2
2013-08-01,DOAS,0.2
2013-08-01,FROTO,0.2
2013-08-01,HEKTS,0.2
2013-08-30,BERA,0.2
2013-08-30,IPEKE,0.2
2013-08-30,KOZAA,0.2
2013-08-30,KUYAS,0.2
2013-08-30,PGSUS,0.2
2013-08-31,AKSA,0.2
2013-08-31,BRYAT,0.2
2013-08-31,CIMSA,0.2
2013-08-31,DOAS,0.2
2013-08-31,FROTO,0.2
2013-09-01,FENER,0.5
2013-09-01,GSRAY,0.5
2013-10-01,AKSA,0.2
2013-10-01,BRYAT,0.2
2013-10-01,CIMSA,0.2
2013-10-01,DOAS,0.2
2013-10-01,HEKTS,0.2
2013-11-01,AKSA,0.2
2013-11-01,BRYAT,0.2
2013-11-01,DOAS,0.2
2013-11-01,OYAKC,0.2
2013-11-01,TTRAK,0.2
2013-11-30,AKSA,0.2
2013-11-30,BRYAT,0.2
2013-11-30,EREGL,0.2
2013-11-30,TTRAK,0.2
2013-11-30,TUPRS,0.2
2013-12-01,FENER,0.5
2013-12-01,GSRAY,0.5
2014-01-01,AKSA,0.2
2014-01-01,BRYAT,0.2
2014-01-01,DOAS,0.2
2014-01-01,EREGL,0.2
2014-01-01,TTRAK,0.2
2014-02-02,AKSA,0.2
2014-02-02,BRYAT,0.2
2014-02-02,DOAS,0.2
2014-02-02,EGEEN,0.2
2014-02-02,EREGL,0.2
2014-03-02,AKSA,0.2
2014-03-02,BRYAT,0.2
2014-03-02,DOAS,0.2
2014-03-02,HEKTS,0.2
2014-03-02,TTRAK,0.2
2014-04-01,BRYAT,0.2
2014-04-01,CIMSA,0.2
2014-04-01,DOAS,0.2
2014-04-01,EREGL,0.2
2014-04-01,HEKTS,0.2
2014-05-01,AKSA,0.2
2014-05-01,BRYAT,0.2
2014-05-01,CIMSA,0.2
2014-05-01,DOAS,0.2
2014-05-01,HEKTS,0.2
2014-05-31,BRYAT,0.2
2014-05-31,CIMSA,0.2
2014-05-31,EGEEN,0.2
2014-05-31,EREGL,0.2
2014-05-31,HEKTS,0.2
2014-06-01,FENER,0.5
2014-06-01,GSRAY,0.5
2014-07-01,AKSA,0.2
2014-07-01,BRYAT,0.2
2014-07-01,CIMSA,0.2
2014-07-01,EREGL,0.2
2014-07-01,HEKTS,0.2
2014-08-01,BRYAT,0.2
2014-08-01,CIMSA,0.2
2014-08-01,DOAS,0.2
2014-08-01,EREGL,0.2
2014-08-01,HEKTS,0.2
2014-08-31,BRYAT,0.5
2014-08-31,KUYAS,0.5
2014-09-01,AKSA,0.2
2014-09-01,CIMSA,0.2
2014-09-01,EREGL,0.2
2014-09-01,HEKTS,0.2
2014-09-01,KOZAL,0.2
2014-10-01,AKSA,0.2
2014-10-01,BRYAT,0.2
2014-10-01,DOAS,0.2
2014-10-01,EREGL,0.2
2014-10-01,HEKTS,0.2
2014-11-02,AKSA,0.2
2014-11-02,BRYAT,0.2
2014-11-02,CIMSA,0.2
2014-11-02,DOAS,0.2
2014-11-02,EREGL,0.2
2014-11-30,BRYAT,0.5
2014-11-30,KUYAS,0.5
2014-12-01,CIMSA,0.2
2014-12-01,EGEEN,0.2
2014-12-01,EREGL,0.2
2014-12-01,HEKTS,0.2
2014-12-01,KOZAL,0.2
2015-01-01,BRYAT,0.2
2015-01-01,CIMSA,0.2
2015-01-01,DOAS,0.2
2015-01-01,EREGL,0.2
2015-01-01,KOZAL,0.2
2015-02-01,AKSA,0.2
2015-02-01,BRYAT,0.2
2015-02-01,DOAS,0.2
2015-02-01,KOZAL,0.2
2015-02-01,OYAKC,0.2
2015-02-28,AKSA,0.2
2015-02-28,BRYAT,0.2
2015-02-28,EREGL,0.2
2015-02-28,KOZAL,0.2
2015-02-28,OYAKC,0.2
2015-03-01,FENER,0.5
2015-03-01,GSRAY,0.5
2015-04-01,AKSA,0.2
2015-04-01,BRYAT,0.2
2015-04-01,CIMSA,0.2
2015-04-01,DOAS,0.2
2015-04-01,EREGL,0.2
2015-05-01,BRYAT,0.2
2015-05-01,CIMSA,0.2
2015-05-01,EREGL,0.2
2015-05-01,HEKTS,0.2
2015-05-01,TCELL,0.2
2015-05-31,BRYAT,0.2
2015-05-31,CIMSA,0.2
2015-05-31,EREGL,0.2
2015-05-31,HEKTS,0.2
2015-05-31,TCELL,0.2
2015-06-01,AKSA,0.2
2015-06-01,BRYAT,0.2
2015-06-01,CIMSA,0.2
2015-06-01,EGEEN,0.2
2015-06-01,EREGL,0.2
2015-07-01,AKSA,0.2
2015-07-01,BRYAT,0.2
2015-07-01,CIMSA,0.2
2015-07-01,EREGL,0.2
2015-07-01,TCELL,0.2
2015-08-02,AKSA,0.2
2015-08-02,BRYAT,0.2
2015-08-02,CIMSA,0.2
2015-08-02,EREGL,0.2
2015-08-02,TCELL,0.2
2015-09-01,BRYAT,0.2
2015-09-01,CIMSA,0.2
2015-09-01,EGEEN,0.2
2015-09-01,EREGL,0.2
2015-09-01,ISMEN,0.2
2015-10-01,BRYAT,0.2
2015-10-01,CIMSA,0.2
2015-10-01,EGEEN,0.2
2015-10-01,EREGL,0.2
2015-10-01,OYAKC,0.2
2015-11-01,AKSA,0.2
2015-11-01,CIMSA,0.2
2015-11-01,EREGL,0.2
2015-11-01,OYAKC,0.2
2015-11-01,TCELL,0.2
2015-12-01,BRYAT,0.2
2015-12-01,CIMSA,0.2
2015-12-01,EREGL,0.2
2015-12-01,HEKTS,0.2
2015-12-01,OYAKC,0.2
2016-01-01,AKSA,0.2
2016-01-01,BRYAT,0.2
2016-01-01,EREGL,0.2
2016-01-01,ISMEN,0.2
2016-01-01,TTRAK,0.2
2016-02-01,AKSA,0.2
2016-02-01,BRYAT,0.2
2016-02-01,CIMSA,0.2
2016-02-01,EREGL,0.2
2016-02-01,TTRAK,0.2
2016-03-01,BRYAT,0.2
2016-03-01,CIMSA,0.2
2016-03-01,EREGL,0.2
2016-03-01,OYAKC,0.2
2016-03-01,TTRAK,0.2
2016-04-01,BRYAT,0.2
2016-04-01,CIMSA,0.2
2016-04-01,EREGL,0.2
2016-04-01,OYAKC,0.2
2016-04-01,TCELL,0.2
2016-05-01,AKSA,0.2
2016-05-01,BRYAT,0.2
2016-05-01,CIMSA,0.2
2016-05-01,HEKTS,0.2
2016-05-01,TCELL,0.2
2016-06-01,AKSA,0.2
2016-06-01,BRYAT,0.2
2016-06-01,ISMEN,0.2
2016-06-01,OYAKC,0.2
2016-06-01,TCELL,0.2
2016-07-01,BRYAT,0.2
2016-07-01,CIMSA,0.2
2016-07-01,EREGL,0.2
2016-07-01,TCELL,0.2
2016-07-01,TTRAK,0.2
2016-08-01,AKSA,0.2
2016-08-01,BRYAT,0.2
2016-08-01,CIMSA,0.2
2016-08-01,HEKTS,0.2
2016-08-01,TTRAK,0.2
2016-09-01,AKSA,0.2
2016-09-01,BRYAT,0.2
2016-09-01,CIMSA,0.2
2016-09-01,TCELL,0.2
2016-09-01,TTRAK,0.2
2016-10-02,AKSA,0.2
2016-10-02,ANSGR,0.2
2016-10-02,BRYAT,0.2
2016-10-02,CLEBI,0.2
2016-10-02,TCELL,0.2
2016-11-01,AKSA,0.2
2016-11-01,ANSGR,0.2
2016-11-01,CIMSA,0.2
2016-11-01,TCELL,0.2
2016-11-01,TUPRS,0.2
2016-12-01,AKSA,0.2
2016-12-01,ANSGR,0.2
2016-12-01,EREGL,0.2
2016-12-01,ISMEN,0.2
2016-12-01,TUPRS,0.2
2016-12-31,FENER,0.5
2016-12-31,GSRAY,0.5
2017-01-01,ANSGR,0.2
2017-01-01,EREGL,0.2
2017-01-01,HEKTS,0.2
2017-01-01,ISMEN,0.2
2017-01-01,TUPRS,0.2
2017-02-01,AKSA,0.2
2017-02-01,ANSGR,0.2
2017-02-01,ISMEN,0.2
2017-02-01,TTRAK,0.2
2017-02-01,TUPRS,0.2
2017-03-01,ANSGR,0.2
2017-03-01,DOAS,0.2
2017-03-01,EREGL,0.2
2017-03-01,SASA,0.2
2017-03-01,TUPRS,0.2
2017-04-02,AKSA,0.2
2017-04-02,ANSGR,0.2
2017-04-02,ISMEN,0.2
2017-04-02,SASA,0.2
2017-04-02,TUPRS,0.2
2017-04-30,AKSA,0.2
2017-04-30,ANSGR,0.2
2017-04-30,ISMEN,0.2
2017-04-30,SASA,0.2
2017-04-30,TUPRS,0.2
2017-05-01,ANSGR,0.2
2017-05-01,EREGL,0.2
2017-05-01,HEKTS,0.2
2017-05-01,ISMEN,0.2
2017-05-01,TUPRS,0.2
2017-06-01,ANSGR,0.2
2017-06-01,DOAS,0.2
2017-06-01,HEKTS,0.2
2017-06-01,ISMEN,0.2
2017-06-01,TUPRS,0.2
2017-07-02,AKSA,0.2
2017-07-02,DOAS,0.2
2017-07-02,EREGL,0.2
2017-07-02,ISMEN,0.2
2017-07-02,TUPRS,0.2
2017-08-01,AKSA,0.2
2017-08-01,BRYAT,0.2
2017-08-01,EREGL,0.2
2017-08-01,ISMEN,0.2
2017-08-01,TUPRS,0.2
2017-09-01,ANSGR,0.2
2017-09-01,BRYAT,0.2
2017-09-01,DOAS,0.2
2017-09-01,EREGL,0.2
2017-09-01,TUPRS,0.2
2017-09-30,DSTKF,0.2
2017-09-30,FENER,0.2
2017-09-30,GSRAY,0.2
2017-09-30,MAVI,0.2
2017-09-30,TURSG,0.2
2017-10-01,ANSGR,0.2
2017-10-01,BRYAT,0.2
2017-10-01,EREGL,0.2
2017-10-01,PETKM,0.2
2017-10-01,TUPRS,0.2
2017-11-01,AKSA,0.2
2017-11-01,BRYAT,0.2
2017-11-01,EREGL,0.2
2017-11-01,PETKM,0.2
2017-11-01,TUPRS,0.2
2017-12-01,BRYAT,0.2
2017-12-01,EREGL,0.2
2017-12-01,ISMEN,0.2
2017-12-01,PETKM,0.2
2017-12-01,TCELL,0.2
2017-12-31,BRYAT,0.2
2017-12-31,EREGL,0.2
2017-12-31,ISMEN,0.2
2017-12-31,PETKM,0.2
2017-12-31,TCELL,0.2
2018-01-01,ANSGR,0.2
2018-01-01,BRYAT,0.2
2018-01-01,EREGL,0.2
2018-01-01,HEKTS,0.2
2018-01-01,ISMEN,0.2
2018-02-01,AKSA,0.2
2018-02-01,ANSGR,0.2
2018-02-01,BRYAT,0.2
2018-02-01,EREGL,0.2
2018-02-01,TCELL,0.2
2018-03-01,AKSA,0.2
2018-03-01,BRYAT,0.2
2018-03-01,EREGL,0.2
2018-03-01,ISMEN,0.2
2018-03-01,TUPRS,0.2
2018-03-31,FENER,0.25
2018-03-31,GSRAY,0.25
2018-03-31,MAVI,0.25
2018-03-31,TURSG,0.25
2018-04-01,ANSGR,0.2
2018-04-01,BRYAT,0.2
2018-04-01,EREGL,0.2
2018-04-01,ISMEN,0.2
2018-04-01,TUPRS,0.2
2018-05-01,ANSGR,0.2
2018-05-01,BRYAT,0.2
2018-05-01,ISMEN,0.2
2018-05-01,KOZAL,0.2
2018-05-01,TUPRS,0.2
2018-06-01,BRYAT,0.2
2018-06-01,EREGL,0.2
2018-06-01,KOZAA,0.2
2018-06-01,KOZAL,0.2
2018-06-01,TUPRS,0.2
2018-06-30,FENER,0.25
2018-06-30,GSRAY,0.25
2018-06-30,MAVI,0.25
2018-06-30,TURSG,0.25
2018-07-01,ANSGR,0.2
2018-07-01,EREGL,0.2
2018-07-01,IPEKE,0.2
2018-07-01,ISMEN,0.2
2018-07-01,KOZAA,0.2
2018-08-01,BRYAT,0.2
2018-08-01,EREGL,0.2
2018-08-01,IPEKE,0.2
2018-08-01,KOZAA,0.2
2018-08-01,TUPRS,0.2
2018-09-02,BRYAT,0.2
2018-09-02,EGEEN,0.2
2018-09-02,EREGL,0.2
2018-09-02,KOZAA,0.2
2018-09-02,TUPRS,0.2
2018-09-30,BRYAT,0.2
2018-09-30,EGEEN,0.2
2018-09-30,EREGL,0.2
2018-09-30,KOZAA,0.2
2018-09-30,TUPRS,0.2
2018-10-01,BRYAT,0.2
2018-10-01,EREGL,0.2
2018-10-01,IPEKE,0.2
2018-10-01,ISMEN,0.2
2018-10-01,KOZAA,0.2
2018-11-01,BRYAT,0.2
2018-11-01,DOAS,0.2
2018-11-01,EREGL,0.2
2018-11-01,IPEKE,0.2
2018-11-01,ISMEN,0.2
2018-12-02,BRYAT,0.2
2018-12-02,IPEKE,0.2
2018-12-02,ISMEN,0.2
2018-12-02,KOZAA,0.2
2018-12-02,KOZAL,0.2
2019-01-01,ANSGR,0.2
2019-01-01,EREGL,0.2
2019-01-01,IPEKE,0.2
2019-01-01,ISMEN,0.2
2019-01-01,KOZAA,0.2
2019-02-01,DOHOL,0.2
2019-02-01,EREGL,0.2
2019-02-01,ISMEN,0.2
2019-02-01,TOASO,0.2
2019-02-01,TUPRS,0.2
2019-03-01,DOAS,0.2
2019-03-01,EGEEN,0.2
2019-03-01,EREGL,0.2
2019-03-01,ISMEN,0.2
2019-03-01,TUPRS,0.2
2019-03-31,DOAS,0.2
2019-03-31,EGEEN,0.2
2019-03-31,EREGL,0.2
2019-03-31,ISMEN,0.2
2019-03-31,TUPRS,0.2
2019-04-01,EREGL,0.2
2019-04-01,IPEKE,0.2
2019-04-01,ISMEN,0.2
2019-04-01,KOZAL,0.2
2019-04-01,TUPRS,0.2
2019-05-01,DOHOL,0.2
2019-05-01,EGEEN,0.2
2019-05-01,EREGL,0.2
2019-05-01,ISMEN,0.2
2019-05-01,KOZAL,0.2
2019-06-02,DOHOL,0.2
2019-06-02,EREGL,0.2
2019-06-02,KOZAA,0.2
2019-06-02,KOZAL,0.2
2019-06-02,TUPRS,0.2
2019-07-01,EREGL,0.2
2019-07-01,ISMEN,0.2
2019-07-01,KOZAA,0.2
2019-07-01,KOZAL,0.2
2019-07-01,TUPRS,0.2
2019-08-01,EREGL,0.2
2019-08-01,ISMEN,0.2
2019-08-01,KOZAA,0.2
2019-08-01,KOZAL,0.2
2019-08-01,TTRAK,0.2
2019-08-30,DSTKF,0.2
2019-08-30,IPEKE,0.2
2019-08-30,KOZAA,0.2
2019-08-30,PGSUS,0.2
2019-08-30,VESTL,0.2
2019-08-31,BRYAT,0.2
2019-08-31,EGEEN,0.2
2019-08-31,EREGL,0.2
2019-08-31,ISMEN,0.2
2019-08-31,TUPRS,0.2
2019-09-01,FENER,0.5
2019-09-01,GSRAY,0.5
2019-10-01,DOAS,0.2
2019-10-01,EREGL,0.2
2019-10-01,IPEKE,0.2
2019-10-01,KOZAA,0.2
2019-10-01,KOZAL,0.2
2019-11-01,DOAS,0.2
2019-11-01,EREGL,0.2
2019-11-01,IPEKE,0.2
2019-11-01,KOZAA,0.2
2019-11-01,KOZAL,0.2
2019-11-30,DOAS,0.2
2019-11-30,EREGL,0.2
2019-11-30,IPEKE,0.2
2019-11-30,KOZAA,0.2
2019-11-30,KOZAL,0.2
2019-12-01,FENER,0.5
2019-12-01,GSRAY,0.5
2020-01-01,EGEEN,0.2
2020-01-01,EREGL,0.2
2020-01-01,IPEKE,0.2
2020-01-01,KOZAA,0.2
2020-01-01,KOZAL,0.2
2020-02-02,EGEEN,0.2
2020-02-02,EREGL,0.2
2020-02-02,IPEKE,0.2
2020-02-02,KOZAA,0.2
2020-02-02,KOZAL,0.2
2020-02-29,EGEEN,0.2
2020-02-29,EREGL,0.2
2020-02-29,IPEKE,0.2
2020-02-29,KOZAA,0.2
2020-02-29,KOZAL,0.2
2020-03-01,FENER,0.5
2020-03-01,GSRAY,0.5
2020-04-01,EREGL,0.2
2020-04-01,IPEKE,0.2
2020-04-01,ISMEN,0.2
2020-04-01,KOZAA,0.2
2020-04-01,KOZAL,0.2
2020-05-01,EREGL,0.2
2020-05-01,IPEKE,0.2
2020-05-01,KOZAA,0.2
2020-05-01,KOZAL,0.2
2020-05-01,TOASO,0.2
2020-05-31,EREGL,0.2
2020-05-31,IPEKE,0.2
2020-05-31,KOZAA,0.2
2020-05-31,KOZAL,0.2
2020-05-31,TOASO,0.2
2020-06-01,ANSGR,0.2
2020-06-01,IPEKE,0.2
2020-06-01,KOZAA,0.2
2020-06-01,KOZAL,0.2
2020-06-01,TURSG,0.2
2020-07-01,EREGL,0.2
2020-07-01,IPEKE,0.2
2020-07-01,KOZAA,0.2
2020-07-01,KOZAL,0.2
2020-07-01,TOASO,0.2
2020-07-31,BERA,0.2
2020-07-31,DSTKF,0.2
2020-07-31,IPEKE,0.2
2020-07-31,KOZAA,0.2
2020-07-31,VESTL,0.2
2020-08-02,ANSGR,0.2
2020-08-02,BRYAT,0.2
2020-08-02,ENJSA,0.2
2020-08-02,ISMEN,0.2
2020-08-02,KOZAL,0.2
2020-09-01,IPEKE,0.2
2020-09-01,ISMEN,0.2
2020-09-01,KOZAA,0.2
2020-09-01,KOZAL,0.2
2020-09-01,TOASO,0.2
2020-10-01,ENJSA,0.2
2020-10-01,IPEKE,0.2
2020-10-01,KOZAA,0.2
2020-10-01,KOZAL,0.2
2020-10-01,TOASO,0.2
2020-10-31,AKSA,0.2
2020-10-31,IPEKE,0.2
2020-10-31,KOZAA,0.2
2020-10-31,KOZAL,0.2
2020-10-31,TOASO,0.2
2020-11-01,AKSA,0.2
2020-11-01,IPEKE,0.2
2020-11-01,KOZAA,0.2
2020-11-01,KOZAL,0.2
2020-11-01,TOASO,0.2
2020-12-01,AKSA,0.2
2020-12-01,ENJSA,0.2
2020-12-01,IPEKE,0.2
2020-12-01,KOZAL,0.2
2020-12-01,TOASO,0.2
2021-01-01,IPEKE,0.2
2021-01-01,KOZAA,0.2
2021-01-01,KOZAL,0.2
2021-01-01,TOASO,0.2
2021-01-01,TTKOM,0.2
2021-01-31,DSTKF,0.5
2021-01-31,GRSEL,0.5
2021-02-01,ENJSA,0.2
2021-02-01,IPEKE,0.2
2021-02-01,KOZAA,0.2
2021-02-01,KOZAL,0.2
2021-02-01,TOASO,0.2
2021-02-28,DSTKF,0.3333333333333333
2021-02-28,GRSEL,0.3333333333333333
2021-02-28,KONTR,0.3333333333333333
2021-03-01,ENJSA,0.2
2021-03-01,IPEKE,0.2
2021-03-01,KOZAA,0.2
2021-03-01,KOZAL,0.2
2021-03-01,TOASO,0.2
2021-04-01,EREGL,0.2
2021-04-01,IPEKE,0.2
2021-04-01,KOZAA,0.2
2021-04-01,KOZAL,0.2
2021-04-01,TTRAK,0.2
2021-05-02,EREGL,0.2
2021-05-02,IPEKE,0.2
2021-05-02,ISMEN,0.2
2021-05-02,KOZAL,0.2
2021-05-02,TTRAK,0.2
2021-06-01,IPEKE,0.2
2021-06-01,ISMEN,0.2
2021-06-01,KOZAA,0.2
2021-06-01,KOZAL,0.2
2021-06-01,TTRAK,0.2
2021-07-01,DOAS,0.2
2021-07-01,EREGL,0.2
2021-07-01,KOZAA,0.2
2021-07-01,KOZAL,0.2
2021-07-01,TTRAK,0.2
2021-07-31,DOAS,0.2
2021-07-31,EREGL,0.2
2021-07-31,IPEKE,0.2
2021-07-31,KOZAA,0.2
2021-07-31,TOASO,0.2
2021-08-01,DOAS,0.2
2021-08-01,EREGL,0.2
2021-08-01,IPEKE,0.2
2021-08-01,KOZAA,0.2
2021-08-01,TOASO,0.2
2021-09-01,DOAS,0.2
2021-09-01,IPEKE,0.2
2021-09-01,ISMEN,0.2
2021-09-01,KOZAA,0.2
2021-09-01,TOASO,0.2
2021-10-01,DOAS,0.2
2021-10-01,KOZAA,0.2
2021-10-01,KOZAL,0.2
2021-10-01,MAGEN,0.2
2021-10-01,TTRAK,0.2
2021-10-29,DOAS,0.2
2021-10-29,KOZAA,0.2
2021-10-29,KOZAL,0.2
2021-10-29,MAGEN,0.2
2021-10-29,TTRAK,0.2
2021-11-01,DOAS,0.2
2021-11-01,IPEKE,0.2
2021-11-01,KOZAA,0.2
2021-11-01,KOZAL,0.2
2021-11-01,TTRAK,0.2
2021-12-01,DOAS,0.2
2021-12-01,IPEKE,0.2
2021-12-01,KOZAA,0.2
2021-12-01,KOZAL,0.2
2021-12-01,TTRAK,0.2
2022-01-02,DOAS,0.2
2022-01-02,EREGL,0.2
2022-01-02,KOZAA,0.2
2022-01-02,TTRAK,0.2
2022-01-02,VESTL,0.2
2022-02-01,DOAS,0.2
2022-02-01,IPEKE,0.2
2022-02-01,KOZAA,0.2
2022-02-01,KOZAL,0.2
2022-02-01,VESTL,0.2
2022-03-01,DOAS,0.2
2022-03-01,EREGL,0.2
2022-03-01,KOZAA,0.2
2022-03-01,KOZAL,0.2
2022-03-01,VESTL,0.2
2022-04-01,EREGL,0.2
2022-04-01,IPEKE,0.2
2022-04-01,KOZAA,0.2
2022-04-01,KOZAL,0.2
2022-04-01,VESTL,0.2
2022-04-30,DOAS,0.2
2022-04-30,EREGL,0.2
2022-04-30,IPEKE,0.2
2022-04-30,KOZAA,0.2
2022-04-30,KOZAL,0.2
2022-05-01,DOAS,0.2
2022-05-01,EREGL,0.2
2022-05-01,IPEKE,0.2
2022-05-01,KOZAA,0.2
2022-05-01,KOZAL,0.2
2022-06-01,DOAS,0.2
2022-06-01,EREGL,0.2
2022-06-01,IPEKE,0.2
2022-06-01,KOZAA,0.2
2022-06-01,KOZAL,0.2
2022-07-01,DOAS,0.2
2022-07-01,EREGL,0.2
2022-07-01,GESAN,0.2
2022-07-01,KOZAL,0.2
2022-07-01,VESTL,0.2
2022-07-31,DOAS,0.2
2022-07-31,EREGL,0.2
2022-07-31,GESAN,0.2
2022-07-31,KOZAL,0.2
2022-07-31,VESTL,0.2
2022-08-01,DOAS,0.2
2022-08-01,EREGL,0.2
2022-08-01,KOZAA,0.2
2022-08-01,KOZAL,0.2
2022-08-01,MIATK,0.2
2022-09-01,DOAS,0.2
2022-09-01,EREGL,0.2
2022-09-01,KOZAL,0.2
2022-09-01,MIATK,0.2
2022-09-01,VESTL,0.2
2022-10-02,DOAS,0.2
2022-10-02,EREGL,0.2
2022-10-02,IPEKE,0.2
2022-10-02,KOZAL,0.2
2022-10-02,TTRAK,0.2
2022-11-01,DOAS,0.2
2022-11-01,IPEKE,0.2
2022-11-01,KOZAL,0.2
2022-11-01,KUYAS,0.2
2022-11-01,TTRAK,0.2
2022-12-01,DOAS,0.2
2022-12-01,EREGL,0.2
2022-12-01,IPEKE,0.2
2022-12-01,KOZAA,0.2
2022-12-01,KOZAL,0.2
2022-12-31,ALFAS,0.25
2022-12-31,FENER,0.25
2022-12-31,GSRAY,0.25
2022-12-31,MAVI,0.25
2023-01-01,AKSA,0.2
2023-01-01,BRYAT,0.2
2023-01-01,DOAS,0.2
2023-01-01,ENJSA,0.2
2023-01-01,TTRAK,0.2
2023-02-01,ASTOR,0.2
2023-02-01,BRYAT,0.2
2023-02-01,DOAS,0.2
2023-02-01,ENJSA,0.2
2023-02-01,TTRAK,0.2
2023-03-01,ASTOR,0.2
2023-03-01,BRYAT,0.2
2023-03-01,DOAS,0.2
2023-03-01,EREGL,0.2
2023-03-01,TTRAK,0.2
2023-04-02,AKBNK,0.2
2023-04-02,BRYAT,0.2
2023-04-02,DOAS,0.2
2023-04-02,TTRAK,0.2
2023-04-02,YKBNK,0.2
2023-04-30,CWENE,0.2
2023-04-30,GRTHO,0.2
2023-04-30,KTLEV,0.2
2023-04-30,PASEU,0.2
2023-04-30,REEDR,0.2
2023-05-01,AKBNK,0.2
2023-05-01,BRYAT,0.2
2023-05-01,DOAS,0.2
2023-05-01,TUPRS,0.2
2023-05-01,YKBNK,0.2
2023-06-01,BRYAT,0.2
2023-06-01,DOAS,0.2
2023-06-01,ENJSA,0.2
2023-06-01,TTRAK,0.2
2023-06-01,TUPRS,0.2
2023-06-28,BRYAT,0.2
2023-06-28,DOAS,0.2
2023-06-28,ENJSA,0.2
2023-06-28,TTRAK,0.2
2023-06-28,TUPRS,0.2
2023-07-02,AKBNK,0.2
2023-07-02,DOAS,0.2
2023-07-02,ISCTR,0.2
2023-07-02,TTRAK,0.2
2023-07-02,YKBNK,0.2
2023-08-01,DOAS,0.2
2023-08-01,ISCTR,0.2
2023-08-01,KTLEV,0.2
2023-08-01,TUPRS,0.2
2023-08-01,YKBNK,0.2
2023-09-01,DOAS,0.2
2023-09-01,ENJSA,0.2
2023-09-01,EREGL,0.2
2023-09-01,ISCTR,0.2
2023-09-01,ISMEN,0.2
2023-09-30,FENER,0.3333333333333333
2023-09-30,GSRAY,0.3333333333333333
2023-09-30,MAVI,0.3333333333333333
2023-10-01,BRYAT,0.2
2023-10-01,DOAS,0.2
2023-10-01,TTRAK,0.2
2023-10-01,TUPRS,0.2
2023-10-01,YKBNK,0.2
2023-11-01,BRYAT,0.2
2023-11-01,DOAS,0.2
2023-11-01,KTLEV,0.2
2023-11-01,MIATK,0.2
2023-11-01,TUPRS,0.2
2023-12-01,BINHO,0.2
2023-12-01,BRYAT,0.2
2023-12-01,DOAS,0.2
2023-12-01,KTLEV,0.2
2023-12-01,TUPRS,0.2
2024-01-01,ANSGR,0.2
2024-01-01,AVPGY,0.2
2024-01-01,BINHO,0.2
2024-01-01,DOAS,0.2
2024-01-01,TUPRS,0.2
2024-02-01,AVPGY,0.2
2024-02-01,BINHO,0.2
2024-02-01,DOAS,0.2
2024-02-01,GRTHO,0.2
2024-02-01,TUPRS,0.2
2024-03-01,BRYAT,0.2
2024-03-01,DOAS,0.2
2024-03-01,LMKDC,0.2
2024-03-01,REEDR,0.2
2024-03-01,TUPRS,0.2
2024-04-01,ANSGR,0.2
2024-04-01,AVPGY,0.2
2024-04-01,BRYAT,0.2
2024-04-01,DOAS,0.2
2024-04-01,TUPRS,0.2
2024-05-01,ANSGR,0.2
2024-05-01,AVPGY,0.2
2024-05-01,BRYAT,0.2
2024-05-01,DOAS,0.2
2024-05-01,TUPRS,0.2
2024-06-02,ANSGR,0.2
2024-06-02,AVPGY,0.2
2024-06-02,DOAS,0.2
2024-06-02,TTRAK,0.2
2024-06-02,TUPRS,0.2
2024-07-01,AVPGY,0.2
2024-07-01,BINHO,0.2
2024-07-01,DOAS,0.2
2024-07-01,TTRAK,0.2
2024-07-01,TUPRS,0.2
2024-08-01,ALTNY,0.2
2024-08-01,AVPGY,0.2
2024-08-01,BINHO,0.2
2024-08-01,DOAS,0.2
2024-08-01,TUPRS,0.2
2024-08-30,AVPGY,0.2
2024-08-30,IEYHO,0.2
2024-08-30,IPEKE,0.2
2024-08-30,KOZAA,0.2
2024-08-30,TUREX,0.2
2024-08-31,ANSGR,0.2
2024-08-31,DOAS,0.2
2024-08-31,OYAKC,0.2
2024-08-31,TTRAK,0.2
2024-08-31,TUPRS,0.2
2024-09-01,FENER,0.5
2024-09-01,GSRAY,0.5
2024-10-01,ANSGR,0.2
2024-10-01,AVPGY,0.2
2024-10-01,BRYAT,0.2
2024-10-01,DOAS,0.2
2024-10-01,TUPRS,0.2
2024-11-01,AVPGY,0.2
2024-11-01,BRYAT,0.2
2024-11-01,DOAS,0.2
2024-11-01,TTRAK,0.2
2024-11-01,TUPRS,0.2
2024-11-30,AVPGY,0.2
2024-11-30,BRYAT,0.2
2024-11-30,DOAS,0.2
2024-11-30,TTRAK,0.2
2024-11-30,TUPRS,0.2
2024-12-01,FENER,0.5
2024-12-01,GSRAY,0.5
2025-01-01,ANSGR,0.2
2025-01-01,DOAS,0.2
2025-01-01,KOZAA,0.2
2025-01-01,LMKDC,0.2
2025-01-01,TUPRS,0.2
2025-02-02,ANSGR,0.2
2025-02-02,AVPGY,0.2
2025-02-02,DOAS,0.2
2025-02-02,TOASO,0.2
2025-02-02,TUPRS,0.2
2025-03-02,AVPGY,0.2
2025-03-02,DOAS,0.2
2025-03-02,GRTHO,0.2
2025-03-02,TTRAK,0.2
2025-03-02,TUPRS,0.2
2025-03-31,AVPGY,0.2
2025-03-31,DOAS,0.2
2025-03-31,GRTHO,0.2
2025-03-31,TTRAK,0.2
2025-03-31,TUPRS,0.2
2025-04-01,ANSGR,0.2
2025-04-01,AVPGY,0.2
2025-04-01,DOAS,0.2
2025-04-01,ISMEN,0.2
2025-04-01,TUPRS,0.2
2025-05-01,ANSGR,0.2
2025-05-01,AVPGY,0.2
2025-05-01,ENKAI,0.2
2025-05-01,ISMEN,0.2
2025-05-01,TUPRS,0.2
2025-06-01,AVPGY,0.2
2025-06-01,DOAS,0.2
2025-06-01,KOZAA,0.2
2025-06-01,KOZAL,0.2
2025-06-01,LMKDC,0.2
2025-07-01,ANSGR,0.2
2025-07-01,AVPGY,0.2
2025-07-01,DOAS,0.2
2025-07-01,ISMEN,0.2
2025-07-01,KOZAL,0.2
2025-08-01,DOAS,0.2
2025-08-01,ISMEN,0.2
2025-08-01,KOZAL,0.2
2025-08-01,LMKDC,0.2
2025-08-01,TUPRS,0.2
